name,id,designation,tech/manufacturer,system id,fleet pts,hitpoints,armor rating,max flux,8/6/5/4%,flux dissipation,ordnance points,fighter bays,max speed,acceleration,deceleration,max turn rate,turn acceleration,mass,shield type,defense id,shield arc,shield upkeep,shield efficiency,phase cost,phase upkeep,min crew,max crew,cargo,fuel,fuel/ly,range,max burn,base value,cr %/day,CR to deploy,peak CR sec,CR loss/sec,supplies/rec,supplies/mo,c/s,c/f,f/s,f/f,crew/s,crew/f,hints,tags,logistics n/a reason,codex variant id,rarity,breakProb,minPieces,maxPieces,travel drive,number
#,Shrouded eye is,actually,a battlecruiser,if you think about,it,,,,,,,,,,,,,,,,,,,,,,,,,,,,,,,,,,,,,,,,,,,,,,,,,,
,,,,,,,,,,,,,,,,,,,,,,,,,,,,,,,,,,,,,,,,,,,,,,,,,,,,,,,
,shrouded_tendril,Shrouded Tendril,Shrouded Dweller,convulsive_lunge,20,10000,1,6000,"dp, PTS!, dur",500,1000,,120,240,240,50,100,500,OMNI,,180,0,0.7,,,0,0,0,0,1,0,5,0,100,1,,,15,15,,,,,,,UNBOARDABLE,"dweller, dweller_reckless, no_armor_schematic, codex_unlockable, monster, limited_tooltip_if_locked, no_battle_salvage",Not available,shrouded_tendril_Roiling,,0,,,,323
,shrouded_eye,Shrouded Eye,Shrouded Dweller,darkened_gaze,40,25000,1,20000,"dp, PTS!",1000,1000,,100,200,200,30,30,1500,OMNI,,360,0,0.7,,,0,0,0,0,1,0,5,0,100,1,,,30,30,,,,,,,"COMBAT, UNBOARDABLE","dweller, dweller_reckless, no_armor_schematic, codex_unlockable, monster, limited_tooltip_if_locked, no_battle_salvage",Not available,shrouded_eye_Darkened,,0,,,,323
,shrouded_maelstrom,Shrouded Maelstrom,Shrouded Dweller,tenebrous_expulsion,40,40000,1,15000,"dp, PTS!",1000,1000,,50,100,100,30,60,2500,FRONT,,150,0,0.7,,,0,0,0,0,1,0,5,0,100,1,,,30,30,,,,,,,UNBOARDABLE,"dweller, dweller_timid, no_armor_schematic, codex_unlockable, monster, limited_tooltip_if_locked, no_battle_salvage",Not available,shrouded_maelstrom_Menacing,,0,,,,324
,shrouded_maw,Shrouded Maw,Shrouded Dweller,convulsive_lunge,200,100000,1,40000,"dp, PTS!",4000,1000,,70,150,150,15,15,10000,FRONT,,90,0,0.7,,,0,0,0,0,1,0,5,0,100,1,,,60,60,,,,,,,"COMBAT, UNBOARDABLE","dweller, dweller_reckless, no_armor_schematic, codex_unlockable, monster, center_diamond_on_hull_center, limited_tooltip_if_locked, no_battle_salvage",Not available,shrouded_maw_Ravenous,,0,,,,516
,,,,,,,,,,,,,,,,,,,,,,,,,,,,,,,,,,,,,,,,,,,,,,,,,,,,,,,
,attack_swarm,Swarm,Threat,,,1000,1,1000,dur,200,0,,250,400,400,150,300,10,NONE,,0,0,0,,,0,0,,,,,,,,,,,,,,,,,,,,"threat_swarm_ai, swarm_fighter, threat",,,,0,,,,120
,skirmish_unit,Skirmish Unit,Threat,displacer_threat,14,2000,500,2500,"dp, dur",200,1000,,130,150,100,60,90,250,FRONT,,150,0.4,1.2,,,0,0,10,50,0.25,200,10,10000,100,10,,,8,8,,,,,,,UNBOARDABLE,"threat, threat_combat, threat_skirmish, codex_unlockable, limited_tooltip_if_locked",,,,0.5,2,2,,231
,overseer_unit,Overseer Unit,Threat,energy_lash,25,4000,800,5000,"dp, dur, PTS!",400,1000,,90,90,70,30,60,350,OMNI,,150,0.4,1.2,,,0,0,40,100,0.5,200,9,100000,100,10,,,16,16,,,,,,,UNBOARDABLE,"threat, threat_overseer, codex_unlockable, limited_tooltip_if_locked",,,,0.5,2,3,,321
,assault_unit,Assault Unit,Threat,incursion_mode,24,6000,900,6000,"dp, dur",400,1000,,90,90,80,30,60,500,FRONT,,150,0.4,1.2,,,0,0,80,100,0.5,200,9,80000,100,10,,,20,20,,,,,,,UNBOARDABLE,"threat, threat_aggressive, threat_combat, codex_unlockable, limited_tooltip_if_locked",,,,0.5,2,2,,322
,hive_unit,Hive Unit,Threat,fragment_volley,40,16000,1600,10000,dp,500,1000,,70,50,40,15,20,2000,FRONT,,210,0.4,1.2,,,0,0,150,150,0.75,200,10,200000,100,10,,,44,44,,,,,,,UNBOARDABLE,"threat, threat_timid, threat_hive, codex_unlockable, limited_tooltip_if_locked",,,,0.5,2,3,,417
,standoff_unit,Line Unit,Threat,extraction_protocol,36,18000,1700,12000,dp,700,1000,,70,70,60,15,30,500,FRONT,,150,0.4,1.2,,,0,0,120,150,0.75,200,9,150000,100,10,,,40,40,,,,,,,UNBOARDABLE,"threat, threat_combat, codex_unlockable, limited_tooltip_if_locked",,,,0.5,2,3,,418
,,,,,,,,,,,,,,,,,,,,,,,,,,,,,,,,,,,,,,,,,,,,,,,,,,,,,,,
#,PTS times 2.5,,,,,,,,,,,,,,,,,,,,,,,,,,,,,,,,,,,,,,,,,,,,,,,,,,,,,,
,,,,,,,,,,,,,,,,,,,,,,,,,,,,,,,,,,,,,,,,,,,,,,,,,,,,,,,
,aspect,Aspect,Unknown,,,600,300,1000,,200,0,,350,350,350,120,360,50,NONE,,0,0,0,,,0,0,,,,,,,,,,,,,,,,,,,HIDE_IN_CODEX,,,,,0,,,,119
,shard_left,Sinistral Shard,Unknown,microburn_omega,30,2000,500,4000,"dp, dur",400,50,,200,250,200,120,360,200,OMNI,,150,0,0.5,,,0,0,10,50,1,50,12,100000,20,5,,,6,6,,,,,,,"UNBOARDABLE, HIDE_IN_CODEX","omega, no_autofit, restricted",,,,0.5,2,2,,229
,shard_right,Dextral Shard,Unknown,microburn_omega,30,2000,500,4000,"dp, dur",400,50,,200,250,200,120,360,200,OMNI,,150,0,0.5,,,0,0,10,50,1,50,12,100000,20,5,,,6,6,,,,,,,"UNBOARDABLE, HIDE_IN_CODEX","omega, no_autofit, restricted",,,,0.5,2,2,,230
,facet,Facet,Unknown,damper_omega,60,5000,800,10000,"dp, dur",800,140,,120,150,150,60,180,400,OMNI,,150,0,0.5,,,0,0,20,100,2,50,11,200000,20,5,,,12,12,,,,,,,"UNBOARDABLE, HIDE_IN_CODEX","omega, no_autofit, restricted",,,,0.5,2,3,,320
,tesseract,Tesseract,Unknown,temporalshell,120,10000,1500,15000,dp,1500,180,,100,120,120,45,135,2000,OMNI,,150,0,0.5,,,0,0,40,150,3,50,11,500000,20,5,,,24,24,,,,,,,"UNBOARDABLE, HIDE_IN_CODEX","omega, no_autofit, restricted, no_derelict",,,,0.5,2,3,,416
,,,,,,,,,,,,,,,,,,,,,,,,,,,,,,,,,,,,,,,,,,,,,,,,,,,,,,,
#,Welcome back,our king,,,,,,,,,,,,,,,,,,,,,,,,,,,,,,,,,,,,,,,,,,,,,,,,,,,,,
Onslaught Mk.I,onslaught_mk1,Battleship,Domain Restricted,combat_burn,75,30000,1500,15000,dur,500,300,,20,8,8,4,4,4000,NONE,,0,0,0,,,0,0,700,800,10,80,7,600000,5,10,,,50,50,,,,,,,SHIP_WITH_MODULES,"no_auto_penalty, codex_unlockable, no_dealer",,,,0.4,2,4,,500.5
,module_onslaught_armor_left,Vambrace Module,Domain Restricted,,1,20000,1200,0,dur,100,0,,0,0,0,10,10,300,NONE,,0,0,0,,,0,0,0,0,1,0,,500000,,1,,,0,0,,,,,,,"UNBOARDABLE, HIDE_IN_CODEX, MODULE",module_hull_bar_only,,,,1,2,4,,2241
,module_onslaught_armor_right,Vambrace Module,Domain Restricted,,1,20000,1200,0,dur,100,0,,0,0,0,10,10,300,NONE,,0,0,0,,,0,0,0,0,1,0,,500000,,1,,,0,0,,,,,,,"UNBOARDABLE, HIDE_IN_CODEX, MODULE",module_hull_bar_only,,,,1,2,4,,2242