{
	"star_blue_giant":{
		"name":"Blue Giant",
		"tilt":4,
		"pitch":-16,
		"rotation":30.5,
		"planetColor":[42,93,115,255],
		"atmosphereThickness":0.2,
		"atmosphereThicknessMin":10,
		"atmosphereColor":[225,237,242,255],
		"texture":"graphics/planets/star_blue.jpg",
		"icon":"graphics/warroom/icon_star.png",
		"iconColor":[127,190,255,255],
		"starCoronaSprite":"graphics/fx/star_halo.png",
		"starCoronaColor":[225,237,242,100],
		"starCoronaSizeMult":5.12,
		"isStar":true,
		"lightPosition":[0,0,10],
		"cloudTexture":"graphics/planets/clouds_banded01.png",
		"cloudColor":[225,237,242,255],
		"cloudRotation":33,
	},
	"star_blue_supergiant":{
		"name":"Blue Supergiant",
		"tilt":4,
		"pitch":-16,
		"rotation":30.5,
		"planetColor":[42,93,115,255],
		"atmosphereThickness":0.2,
		"atmosphereThicknessMin":10,
		"atmosphereColor":[225,237,242,255],
		"texture":"graphics/planets/star_blue.jpg",
		"icon":"graphics/warroom/icon_star.png",
		"iconColor":[127,190,255,255],
		"starCoronaSprite":"graphics/fx/star_halo.png",
		"starCoronaColor":[225,237,242,100],
		"starCoronaSizeMult":5.12,
		"isStar":true,
		"lightPosition":[0,0,10],
		"cloudTexture":"graphics/planets/clouds_banded01.png",
		"cloudColor":[225,237,242,255],
		"cloudRotation":33,
	},
}