name,id,flux/second,f/s (base rate),f/s (base cap),flux/use,f/u (base rate),f/u (base cap),cr/u,max uses,regen,charge up,active,down,cooldown,toggle,noDissipation,noHardDissipation,hardFlux,noFiring,noTurning,noStrafing,noAccel,noShield,noVent,isPhaseCloak,tags,icon
#Darkened Gaze,darkened_gaze,1500,,,,,,,,,2,,1,0,TRUE,TRUE,,,,,,,,,,offensive,graphics/icons/hullsys/darkened_gaze.png
,,,,,,,,,,,,,,,,,,,,,,,,,,,
Intrusion,temporalshell2,1,,,,,0.25,,,,4,10,2,10,,,,,,,,,,,,,graphics/icons/hullsys/temporal_shell.png
,,,,,,,,,,,,,,,,,,,,,,,,,,,
Construction Swarm,construction_swarm,,,,,,0.25,,,,0.1,,0.4,,,,,,,,,,,,,,graphics/icons/hullsys/construction_swarm.png
Energy Lash,energy_lash,,,,,,0.5,,,,1,,0.1,,,,,,,,,,,,,"restricted, offensive, defensive",graphics/icons/hullsys/energy_lash.png
Displacer,displacer_threat,,,,,,,,3,,0.5,,0.5,,,TRUE,,TRUE,,,,,,,,movement,graphics/icons/hullsys/displacer.png
,,,,,,,,,,,,,,,,,,,,,,,,,,,
#Microburn,microburn_omega,1,,,,,,,3,0.1,0.5,1,0.5,,,,,,,,TRUE,TRUE,,,,"restricted, movement",graphics/icons/hullsys/burn_drive.png