name,id,tier,rarity,base value,range,damage/second,damage/shot,emp,impact,turn rate,OPs,ammo,ammo/sec,reload size,type,energy/shot,energy/second,chargeup,chargedown,burst size,burst delay,min spread,max spread,spread/shot,spread decay/sec,beam speed,proj speed,launch speed,flight time,proj hitpoints,autofireAccBonus,extraArcForAI,hints,tags,groupTag,tech/manufacturer,for weapon tooltip>>,primaryRoleStr,speedStr,trackingStr,turnRateStr,accuracyStr,customPrimary,customPrimaryHL,customAncillary,customAncillaryHL,noDPSInTooltip,number
Flare Launcher 1,flarelauncher1,,,,400,,10,100,,,,,0,,ENERGY,0,0,0,0.1,20,0.1,60,60,0,0,,150,300,3,100,,,SYSTEM,,,,,,,,,,,,,,,36
Seeker Flare Launcher,flarelauncher3,,,,500,,10,400,,,,,0,,ENERGY,0,0,0,0.1,6,0.1,90,90,0,0,,400,200,7,100,,,SYSTEM,,,,,,,,,,,,,,,38
#Canister Flak,canister_flak,,,,200,,200,,,,,,0,,HIGH_EXPLOSIVE,0,0,0,0.1,5,0.5,150,150,0,0,,50,200,2,100,,,SYSTEM,,,,,,,,,,,,,,,35.5
Mote Launcher,motelauncher,,,,500,,1,1500,,,,,0,,ENERGY,0,0,0,0.1,1,,30,30,0,0,,400,200,10000,500,,,SYSTEM,,,,,,,,,,,,,,,38.25
Mote Launcher,motelauncher_hf,,,,500,,300,1500,,,,,0,,ENERGY,0,0,0,0.1,1,,30,30,0,0,,400,200,10000,500,,,SYSTEM,,,,,,,,,,,,,,,38.26
Terminator Missile Conversion,terminator_missile,3,,0,1500,,1000,500,200,0,0,1,,,ENERGY,0,,0,1,1,,0,0,0,0,,400,0,10000,100000,,,"DIRECT_AIM, SYSTEM, STRIKE, USE_VS_FRIGATES",restricted,,,,Missile,Fast,Medium,,,,,,,TRUE,41
,,,,,,,,,,,,,,,,,,,,,,,,,,,,,,,,,,,,,,,,,,,,,,,,
#MODDED,,,,,,,,,,,,,,,,,,,,,,,,,,,,,,,,,,,,,,,,,,,,,,,,
#Cactus Cannon,cactus_cannon,1,,,700,,200,,15,30,,,,,ENERGY,0,,0,10,1,,0,0,0,,,600,-200,2.5,50,,,"ANTI_FTR, DO_NOT_AIM, SYSTEM","missile8, strike3, show_in_codex",,Common,,General,Fast,Good,,,,,,,TRUE,11.5
,,,,,,,,,,,,,,,,,,,,,,,,,,,,,,,,,,,,,,,,,,,,,,,,
#Minelayer,minelayer1,0,,200000,1000,,2000,,25,30,12,30,,,HIGH_EXPLOSIVE,0,,0,3,1,,0,0,0,0,,50,50,20,1000,,,SYSTEM,,,,,,,,,,,,,,,38.5
#Heavy Minelayer,minelayer2,0,,200000,1000,,2000,,25,30,12,30,,,HIGH_EXPLOSIVE,0,,0,3,1,,0,0,0,0,,50,50,20,1000,,,SYSTEM,,,,,,,,,,,,,,,38.7
,,,,,,,,,,,,,,,,,,,,,,,,,,,,,,,,,,,,,,,,,,,,,,,,
Standard Bomb Bay,bomb,1,,200,2000,,400,,50,15,4,10,,,HIGH_EXPLOSIVE,0,,0,0.67,1,,20,20,0,0,,170,20,25,150,,,"STRIKE, BOMB","he0, no_sell, no_drop, no_drop_salvage",,,,Strike,,,,,,,,,TRUE,3.5
Swarmer SRM Launcher (Fighter),swarmer_fighter,1,,250,1400,,75,,15,50,4,2,0.15,,HIGH_EXPLOSIVE,0,,0,5,2,0.2,0,0,0,0,,300,100,5,50,,,"ANTI_FTR, DO_NOT_AIM, SYSTEM,DO_NOT_CONSERVE","pd0, missile0, show_in_codex",,,,Anti Small Craft (Fighter),Fast,Excellent,,,,,,,,10
Stinger-class Proximity Mine (Fighter),fragbomb,0,,100,500,,500,,10,0,1,2,0.1,,FRAGMENTATION,0,,0,1,1,,0,0,0,0,,50,20,7,150,,,"DO_NOT_AIM, ANTI_FTR, PD_ONLY, SYSTEM","pd0, missile0, show_in_codex",,,,Anti Fighter (Fighter),,,,,,,,,TRUE,3.2
Annihilator Rocket Pod (Fighter),annihilator_fighter,0,,150,1500,,200,,20,30,4,7,,,HIGH_EXPLOSIVE,0,,0,0.1,1,,0,30,15,10,,500,50,3.75,50,,,SYSTEM,"rocket0, strike0, show_in_codex",,,,Anti Armor (Fighter),Fast,None,,,,,,,,11.1
"Reaper-class Torpedo (Single, Fighter)",reaper_single,0,,200,1200,,4000,,300,10,2,1,,,HIGH_EXPLOSIVE,0,,0,5,1,,0,0,0,0,,400,100,3.5,500,,,"STRIKE, SYSTEM","strike0, rocket0, show_in_codex",,,,Torpedo (Fighter),Fast,None,,,,,,,TRUE,9
"Atropos-class Torpedo (Single, Fighter)",atropos_single,1,0.5,300,1200,,2000,,150,10,1000,1,,,HIGH_EXPLOSIVE,0,,0,1,1,,0,0,0,0,,500,150,4,300,,,"GUIDED_POOR, SYSTEM","strike0, missile0, no_sell, no_drop, no_drop_salvage, show_in_codex",,,,Torpedo (Fighter),Fast,Good,,,,,,,TRUE,9.75
"Hammer-class Torpedo (Single, Fighter)",hammer_single,0,,75,1200,,1500,,75,10,1000,1,,,HIGH_EXPLOSIVE,0,,0,1,1,,0,0,0,0,,500,40,4,350,,,"STRIKE, USE_VS_FRIGATES, SYSTEM","strike0, rocket0, no_sell, no_drop, no_drop_salvage, show_in_codex",,,,Torpedo (Fighter),Fast,None,,,,,,,TRUE,9.9
"Sabot SRM (Single, Fighter)",sabot_fighter,0,,100,1200,,250,,30,30,1,1,,,KINETIC,0,,0,1,1,,0,0,0,0,,150,50,8,300,,,"GUIDED_POOR, SYSTEM","missile0, strike0, show_in_codex",,,,Anti Shield (Fighter),Slow,Poor,,,"Submunition hits on hull or armor have a %s chance to arc to weapons and engines, dealing %s EMP damage.",25% | 400,,,TRUE,11.85
Proximity Charge Launcher (Fighter),phasecl_bomber,2,,1500,2000,,500,,100,30,12,6,,,HIGH_EXPLOSIVE,0,,0,1.5,1,,0,0,0,0,,100,200,12,250,,,"SYSTEM,STRIKE,BOMB","utility8, show_in_codex",,,,Strike (Fighter),Very Slow,None,,,,,,,TRUE,13.5
,,,,,,,,,,,,,,,,,,,,,,,,,,,,,,,,,,,,,,,,,,,,,,,,
"Harpoon MRM (Single, Fighter)",harpoon_single,0,,100,4000,,750,,30,30,1000,1,,,HIGH_EXPLOSIVE,0,,0,10,1,,0,0,0,,,400,100,12.5,150,,,"DO_NOT_AIM, SYSTEM","missile0, strike0, no_sell, no_drop, no_drop_salvage",,,,Finisher,Fast,Medium,,,,,,,TRUE,11.6125
Sabot SRM (Double),sabot_single,0,,100,1200,,250,,30,30,1000,2,,,KINETIC,0,,0,10,1,,0,0,0,0,,150,50,8,300,,,"GUIDED_POOR, SYSTEM","missile0, strike0, no_sell, no_drop, no_drop_salvage",,,,Anti Shield,Slow,Poor,,,"Submunition hits on hull or armor have a %s chance to arc to weapons and engines, dealing %s EMP damage.",25% | 400,,,TRUE,11.85
,,,,,,,,,,,,,,,,,,,,,,,,,,,,,,,,,,,,,,,,,,,,,,,,
IR Pulse Laser,irpulse,0,,250,500,,50,,0,50,5,,,,ENERGY,50,,0.333333,0,,,,,,,,1000,,,,,,,"energy5, midline_bp, merc, ind",,,,General,,,,,,,,,,19.25
Ion Cannon,ioncannon,1,,500,500,,25,400,0,40,6,,,,ENERGY,80,,0.5,0,,,,,,,,1000,,,,,,,"energy0, utility5, hightech_bp, merc, ind",,,,Suppression,,,,,"Hits on hull or armor have a %s chance to arc to weapons and engines, dealing extra damage equal to the original hit.",25%,,,,19
Antimatter Blaster,amblaster,2,0.7,900,600,,700,,0,30,9,,,,ENERGY,750,,0.5,9.5,,,0,0,0,0,,1000,,,100,,,"STRIKE, USE_VS_FRIGATES, GROUP_ALTERNATING","energy5, strike5, hightech_bp, merc, ind",SR_strike_only,,,Strike,,,,,,,,,,19.75
,,,,,,,,,,,,,,,,,,,,,,,,,,,,,,,,,,,,,,,,,,,,,,,,
Mining Blaster,miningblaster,0,,1000,700,,700,,0,7,10,,,,ENERGY,1200,,0,2,,,,,,,,1000,,,,,,,"energy10, base_bp, merc, ind",,,,Anti Armor,,,,,,,,,,22.125
Pulse Laser,pulselaser,0,,1200,600,,100,,0,20,10,,,,ENERGY,110,,0.333333,0,,,,,,,,1000,,,,,,,"energy10, midline_bp, merc, ind",,,,General,,,,,,,,,,22
Heavy Blaster,heavyblaster,1,,3000,600,,500,,0,15,12,,,,ENERGY,720,,0,1,,,,,,,,1000,,,,,,,"energy10, hightech_bp, merc, ind",,,,Strike,,,,,,,,,,22.25
Ion Pulser,ionpulser,1,0.6,2400,450,,75,400,0,20,11,20,2,3,ENERGY,100,,0.05,0.05,3,0.1,3,20,1,4,,1000,,,,,,,"energy8, utility10, hightech_bp, merc, ind",,,,Suppression,,,,,"Hits on hull or armor have a %s chance to arc to weapons and engines, dealing extra damage equal to the original hit.",25%,,,,22.75
Kinetic Blaster,kineticblaster,2,,5000,600,,250,,0,15,12,,,,KINETIC,375,,0,1,,,,,,,,1400,,,,,,,"energy10, kinetic10, no_drop_salvage, codex_unlockable",,Lion's Guard,,Anti Shield,,,,,,,,,,22.35
,,,,,,,,,,,,,,,,,,,,,,,,,,,,,,,,,,,,,,,,,,,,,,,,
Plasma Cannon,plasma,2,,20000,700,,1000,,500,20,30,,,,ENERGY,1500,,0.333,3,3,0.333,,,,,,750,,,500,,,"STRIKE, USE_VS_FRIGATES","strike20, rare_bp, hist1t, merc, ind",,,,Strike,,,,,,,,,,23
Autopulse Laser,autopulse,0,,5000,700,,150,,0,20,20,20,2,,ENERGY,125,,0.05,0.05,1,,0,10,1,5,,1000,,,,,,,"energy20, midline_bp, merc, ind",,,,General,,,,,,,,,,25
Gigacannon,gigacannon,2,,20000,700,,2500,,0,5,25,,,,ENERGY,2000,,1,9,,,0,0,0,0,,1000,,,,,,"STRIKE, USE_VS_FRIGATES, GROUP_ALTERNATING","energy20, no_drop_salvage, codex_unlockable",,Lion's Guard,,Strike,,,,,,,,,,28
Thermal Pulse Cannon,tpc,0,,100000,1000,,250,,0,0,,20,1,,ENERGY,200,,0,0.2,1,,0,10,2,5,,1000,,,,,,"SYSTEM, SHOW_IN_CODEX",,TPC_only,,,General,,,,,,,,,,40
,,,,,,,,,,,,,,,,,,,,,,,,,,,,,,,,,,,,,,,,,,,,,,,,
LR PD Laser,lrpdlaser,1,,400,500,50,,,0,100,5,,,,ENERGY,,40,0,0.25,,,,,,,3600,,,,,,,PD,"pd5, beam4, midline_bp, merc, ind",,,,Point Defense,,,,,,,,,,19.5
PD Laser,pdlaser,0,,200,325,75,,,0,100,4,,,,ENERGY,,50,0,0.25,,,,,,,2400,,,,,,,PD,"pd5, beam4, midline_bp, merc, ind",,,,Point Defense,,,,,,,,,,17
Mining Laser,mininglaser,0,,100,400,30,,,0,40,2,,,,ENERGY,,35,0,0.25,,,,,,,2400,,,,,,,PD,"pd5, beam0, base_bp, merc, ind",,,,Point Defense,,,,,,,,,,16.5
Heavy Burst Laser,heavyburst,1,,2750,600,400,,,0,60,11,3,0.5,,ENERGY,,600,0.1,0.1,0.3,0.1,,,,,10000,,,,,,,"PD, ANTI_FTR, IGNORES_FLARES","pd10, beam8, hightech_bp, merc, ind",,,,Point Defense,,,,,Advanced built-in targeting sensors enable the weapon to identify decoy flares and not fire on them.,decoy flares,,,,22.5
Burst PD Laser,pdburst,1,,600,500,300,,,0,100,7,2,0.5,,ENERGY,,350,0.1,0.1,0.3,0.1,,,,,10000,,,,,,,"PD, ANTI_FTR","pd5, beam4, hightech_bp, merc, ind",,,,Point Defense,,,,,,,,,,19.6
,,,,,,,,,,,,,,,,,,,,,,,,,,,,,,,,,,,,,,,,,,,,,,,,
Paladin PD System,guardian,1,0.5,10000,750,1000,,,0,75,22,20,1,,ENERGY,,1500,0,0,0.2,0.1,,,,,1000000,,,,,,,"PD, ANTI_FTR","pd20, beam15, hightech_bp, merc, ind",,,,Point Defense,,,,,"When all sub-beams impact a target in close proximity to each other, the spalling effect produces an explosion that deals up to 100 points of fragmentation damage to other nearby targets.",100 | fragmentation,,,,26
,,,,,,,,,,,,,,,,,,,,,,,,,,,,,,,,,,,,,,,,,,,,,,,,
Tactical Laser,taclaser,0,,200,600,75,,,0,20,4,,,,ENERGY,,75,0.1,0.1,,,,,,,2400,,,,,,,,"beam5, energy0, midline_bp, merc, ind",,,,General,,,,,,,,,,18
Graviton Beam,gravitonbeam,1,,2200,800,100,,,0,15,9,,,,KINETIC,,75,0.1,0.1,,,,,,,2400,,,,,,,,"beam10, midline_bp, merc, ind",,,,Suppression,,,,,,,,,,21
Ion Beam,ionbeam,1,0.5,2500,800,50,,400,0,15,12,,,,ENERGY,,150,0.1,0.1,,,,,,,2400,,,,,,,FIRE_WHEN_INEFFICIENT,"beam8, utility10, hightech_bp, merc, ind",,,,Suppression,,,,,"Hits on hull or armor periodically arc to weapons and engines, dealing extra EMP and energy damage. Hits on shields have a chance to generate a shield-penetrating arc based on the target's hard flux level.",,,,,22.85
High Intensity Laser,hil,0,,5000,1000,250,,,0,5,20,,,,HIGH_EXPLOSIVE,,250,0.1,0.1,,,,,,,2400,,,,,,,,"beam20, midline_bp, merc, ind",,,,Anti Armor,,,,,,,,,,24
Tachyon Lance,tachyonlance,2,0.5,25000,1000,1500,,1000,0,7,30,,,,ENERGY,,3000,0.5,1,1,5,,,,,10000,,,,,,,FIRE_WHEN_INEFFICIENT,"beam20, rare_bp, hist1t, merc, ind",,,,Strike,,,,,"Hits on hull or armor frequently arc to weapons and engines, dealing extra EMP and energy damage. Hits on shields have a chance to generate a shield-penetrating arc based on the target's hard flux level.",,,,,27
,,,,,,,,,,,,,,,,,,,,,,,,,,,,,,,,,,,,,,,,,,,,,,,,
IR Autolance,irautolance,0,,1200,800,500,,,0,50,10,40,2,10,FRAGMENTATION,,200,0,0,0.1,0,,,,,1000000,,,,,,,USE_LESS_VS_SHIELDS,"beam10, midline_bp, merc, ind",,,,General,,,,,,,,,,21.5
Phase Lance,phasebeam,0,,1500,600,500,,500,0,20,10,,,,ENERGY,,600,0.25,0.5,1,3,,,,,3200,,,,,,,,"beam10, hightech_bp, merc, ind",,,,Strike,,,,,,,,,,20
,,,,,,,,,,,,,,,,,,,,,,,,,,,,,,,,,,,,,,,,,,,,,,,,
Heavy Mauler,heavymauler,2,0.3,2000,1000,,225,,10,20,12,,,,HIGH_EXPLOSIVE,225,,0,4.4,3,0.3,0,10,2,5,,900,,,30,,,,"he10, midline_bp, merc, ind",,,,Anti Armor,,,,,,,,,,4.75
Assault Chaingun,chaingun,0,,1000,700,,60,,3,30,10,,,,HIGH_EXPLOSIVE,60,,0,0.15,1,,0,20,1,10,,800,,,30,,,,"he10, lowtech_bp, merc, ind",,,,Anti Armor,,,,,,,,,,4.5
Heavy Mortar,heavymortar,0,,600,700,,110,,12,30,7,,,,HIGH_EXPLOSIVE,90,,0,0.7,2,0.3,0,20,5,5,,500,,,30,,,,"he10, base_bp, merc, ind",,,,Anti Armor,,,,,,,,,,3.9
Thumper,shredder,0,,700,700,,100,,1,25,9,60,5,20,FRAGMENTATION,30,,0,0.55,20,0.05,0,7,1,20,,800,,,30,,,,"he10, base_bp, merc, ind",,,,General,,,,,,,,,,3.8
Light Mortar,lightmortar,0,,75,600,,75,,4,30,4,,,,HIGH_EXPLOSIVE,50,,0,0.5,1,,0,20,5,5,,500,,,10,,,,"he5, base_bp, merc, ind",,,,Anti Armor,,,,,,,,,,0.75
Light Assault Gun,lightag,0,,300,700,,40,,3,40,5,,,,HIGH_EXPLOSIVE,40,,0,0.25,1,,0,10,2,10,,800,,,30,,,,"he5, lowtech_bp, merc, ind",,,,Anti Armor,,,,,,,,,,3
,,,,,,,,,,,,,,,,,,,,,,,,,,,,,,,,,,,,,,,,,,,,,,,,
Light Machine Gun,lightmg,0,,100,300,,25,,1,50,3,,,,KINETIC,3,,0,0.4,5,0.1,0,5,1,15,,600,,,10,,,PD,"pd5, kinetic5, SR, base_bp, merc, ind",,,,Point Defense,,,,,,,,,,0.5
Light Dual Machine Gun,lightdualmg,1,,400,300,,25,,1,50,5,,,,KINETIC,3,,0,0.2,5,0.1,0,5,1,15,,600,,,10,,,PD,"pd5, kinetic5, SR, lowtech_bp, merc, ind",,,,Point Defense,,,,,,,,,,0.7
Vulcan Cannon,vulcan,0,,200,450,,15,,1,75,4,,,,FRAGMENTATION,3,,0,0.05,1,,0,15,1,15,,800,,,10,,,PD,"pd5, lowtech_bp, merc, ind",,,,Point Defense,,,,,,,,,,1
Flak Cannon,flak,0,,1000,500,,200,,10,40,8,,,,FRAGMENTATION,50,,0,1,1,,0,10,2,10,,700,,,30,,,PD,"pd10, base_bp, merc, ind",,,,Point Defense (Area),,,,,,,,,,4
Dual Flak Cannon,dualflak,1,,2000,400,,150,,10,60,12,,,,FRAGMENTATION,50,,0,0.33,1,,0,10,2,10,,700,,,30,,,PD,"pd10, lowtech_bp, merc, ind",,,,Point Defense (Area),,,,,,,,,,4.25
Heavy Machine Gun,heavymg,1,,1200,600,,40,,3,40,12,,,,KINETIC,15,,0,0.2,4,0.1,0,5,1,15,,700,,,30,,,"PD, PD_ALSO","pd8, kinetic10, midline_bp, merc, ind",,,,Point Defense,,,,,,,,,,3.85
,,,,,,,,,,,,,,,,,,,,,,,,,,,,,,,,,,,,,,,,,,,,,,,,
Hypervelocity Driver,hveldriver,2,0.3,2250,1000,,275,400,40,10,13,,,,KINETIC,350,,0,2,1,,,,,,,1000,,,300,,,,"kinetic10, midline_bp, merc, ind",,,,Anti Shield,,,,,,,,,,5.5
Heavy Needler,heavyneedler,2,0.3,2500,800,,50,,1,15,15,,,,KINETIC,40,,0,4.55,30,0.05,1,10,0.5,5,,1200,,,10,,,,"kinetic10, remnant, hightech_bp, merc, ind",,,,Anti Shield,,,,,,,,,,5.75
Arbalest Autocannon,arbalest,0,,800,700,,150,,10,12,8,,,,KINETIC,170,,0,1,1,,0,15,5,10,,800,,,30,,,,"kinetic10, base_bp, merc, ind",,,,Anti Shield,,,,,,,,,,4.125
Heavy Autocannon,heavyac,0,,1000,800,,100,,10,7,10,,,,KINETIC,100,,0,1,3,0.2,0,18,3,10,,800,,,30,,,,"kinetic10, lowtech_bp, merc, ind",,,,Anti Shield,,,,,,,,,,5
,,,,,,,,,,,,,,,,,,,,,,,,,,,,,,,,,,,,,,,,,,,,,,,,
Railgun,railgun,1,0.5,600,700,,100,,10,30,8,,,,KINETIC,90,,0.6,0,1,,,,,,,1000,,,50,,,,"kinetic5, midline_bp, merc, ind",,,,Anti Shield,,,,,,,,,,3.75
Light Autocannon,lightac,0,,125,700,,50,,3,20,5,,,,KINETIC,40,,0,0.5,1,,0,20,3,9,,800,,,20,,,,"kinetic4, base_bp, merc, ind",,,,Anti Shield,,,,,,,,,,2
Light Dual Autocannon,lightdualac,0,,300,700,,50,,3,20,6,,,,KINETIC,40,,0,0.6,2,0.1,0,20,3,9,,800,,,20,,,,"kinetic4, base_bp, merc, ind",,,,Anti Shield,,,,,,,,,,2.5
Light Needler,lightneedler,2,0.3,800,700,,50,,1,20,9,,,,KINETIC,40,,0,4.3,15,0.05,0,10,0.66,5,,1200,,,10,,,,"kinetic5, hightech_bp, merc, ind",,,,Anti Shield,,,,,,,,,,3.65
,,,,,,,,,,,,,,,,,,,,,,,,,,,,,,,,,,,,,,,,,,,,,,,,
Storm Needler,multineedler,2,0.4,12000,800,,50,,20,15,28,,,,KINETIC,35,,0,0.1,,,0,10,0.5,10,,1200,,,20,,,,"kinetic20, remnant, rare_bp, hist1t, merc, ind",,,,Anti Shield,,,,,,,,,,8.5
Gauss Cannon,gauss,2,,7000,1200,,700,,300,3,25,,,,KINETIC,800,,1,1,,,,,,,,1200,,,400,,,,"kinetic20, remnant, rare_bp, hist1t, merc, ind",,,,Anti Shield,,,,,,,,,,6
Mark IX Autocannon,mark9,0,,4000,900,,200,,20,10,18,,,,KINETIC,230,,0,2,4,0.1,0,15,2,10,,800,,,100,,,,"kinetic20, lowtech_bp, merc, ind",,,,Anti Shield,,,,,,,,,,7.25
,,,,,,,,,,,,,,,,,,,,,,,,,,,,,,,,,,,,,,,,,,,,,,,,
Mjolnir Cannon,mjolnir,1,0.4,10000,900,,400,200,10,25,24,,,,ENERGY,400,,0,0.75,1,,0,5,1,10,,900,,,75,,,,"energy20, remnant, rare_bp, hist1t, merc, ind",,,,General,,,,,,,,,,7.5
Hellbore Cannon,hellbore,0,,4000,900,,750,,200,5,16,,,,HIGH_EXPLOSIVE,825,,0,3,1,,0,10,5,10,,500,,,400,,,,"he18, lowtech_bp, merc, ind",,,,Anti Armor,,,,,,,,,,8
Hephaestus Assault Gun,hephag,0,,5000,900,,120,,5,20,20,,,,HIGH_EXPLOSIVE,120,,0,0.25,1,,0,10,2,10,,800,,,50,,,,"he18, lowtech_bp, merc, ind",,,,Anti Armor,,,,,,,,,,7
Devastator Cannon,devastator,0,,5000,900,,150,,40,12,20,,,,HIGH_EXPLOSIVE,75,,0,2,12,0.1,5,30,5,5,,700,,,100,,,"PD, PD_ALSO","he18, SR, lowtech_bp, merc, ind",,,,Anti Fighter (Area),,,,,"Each shell has a fuse set to explode at a random distance, resulting in a barrage that's increasingly more deadly at closer ranges.

Will target missiles if no other targets are in range.",,,,,7.4
,,,,,,,,,,,,,,,,,,,,,,,,,,,,,,,,,,,,,,,,,,,,,,,,
Pilum LRM Launcher,pilum,0,,900,4000,,500,500,75,10,10,30,0.1,,HIGH_EXPLOSIVE,0,,0,15,3,0.4,0,0,0,0,,125,100,30,150,,,"DO_NOT_AIM, CONSERVE_1","strike8, missile10, missile_bp, merc, ind",,,,Long Range Support,Very Slow,Very Poor,,,"Second-stage hits on shields have a chance to arc through to weapons and engines, dealing %s EMP damage. The chance to pierce the shields is based on the target's hard flux level.",500,,,,12.5
Pilum LRM Catapult,pilum_large,0,,1500,4000,,500,500,75,10,20,30,0.33333,6,HIGH_EXPLOSIVE,0,,0,9,6,0.2,0,0,0,0,,125,200,30,150,,,"DO_NOT_AIM, DO_NOT_CONSERVE","strike15, missile20, missile_bp, merc, ind",,,,Long Range Support,Very Slow,Very Poor,,,"Second-stage hits on shields have a chance to arc through to weapons and engines, dealing %s EMP damage. The chance to pierce the shields is based on the target's hard flux level.",500,,,,15.5
,,,,,,,,,,,,,,,,,,,,,,,,,,,,,,,,,,,,,,,,,,,,,,,,
Swarmer SRM Launcher,swarmer,0,,250,1400,,75,,15,50,3,80,,,HIGH_EXPLOSIVE,0,,0,5,4,0.2,0,0,0,0,,300,100,5,50,,,"ANTI_FTR, DO_NOT_AIM, DO_NOT_CONSERVE","utility5, missile5, missile_bp, merc, ind",,,,Anti Small Craft,Fast,Excellent,,,,,,,,10
,,,,,,,,,,,,,,,,,,,,,,,,,,,,,,,,,,,,,,,,,,,,,,,,
Breach SRM,breach,0,,200,1500,,150,,15,10,3,15,,,HIGH_EXPLOSIVE,0,,0,9,3,0.5,0,0,0,,,400,50,5,450,,,"DO_NOT_AIM, CONSERVE_ALL, CONSERVE_FOR_ANTI_ARMOR, DIRECT_AIM, MISSILE_SPREAD","missile5, strike5, missile_bp, merc, ind",,,,Anti Armor,Fast,Good,,,Each missile deals an additional %s damage to armor. This damage is not reduced by armor.,250,,,TRUE,11.7
Breach SRM Pod,breachpod,0,,1200,1500,,150,,15,10,10,50,,,HIGH_EXPLOSIVE,0,,0,9,5,0.25,0,0,0,,,400,50,5,450,,,"DO_NOT_AIM, CONSERVE_ALL, CONSERVE_FOR_ANTI_ARMOR, DIRECT_AIM, MISSILE_SPREAD","missile10, strike10, missile_bp, merc, ind",,,,Anti Armor,Fast,Good,,,Each missile deals an additional %s damage to armor. This damage is not reduced by armor.,250,,,TRUE,12.25
,,,,,,,,,,,,,,,,,,,,,,,,,,,,,,,,,,,,,,,,,,,,,,,,
Annihilator Rocket Launcher,annihilator,0,,150,1500,,200,,20,30,4,70,,,HIGH_EXPLOSIVE,0,,0,5,5,0.2,0,0,0,0,,500,50,3.75,50,,,CONSERVE_1,"rocket5, utility5, missile_bp, merc, ind",,,,Anti Armor,Fast,None,,,,,,,,11
Annihilator Rocket Pod,annihilatorpod,0,,1200,1500,,200,,20,30,10,140,,,HIGH_EXPLOSIVE,0,,0,0.5,1,,0,0,0,0,,500,50,3.75,50,,,,"rocket10, utility10, missile_bp, merc, ind",,,,Pressure,Fast,None,,,,,,,,12.33
Proximity Charge Launcher,phasecl,2,,2000,1000,,500,,100,30,12,50,,,HIGH_EXPLOSIVE,0,,0,3,1,,20,20,0,0,,100,400,4,250,,,"ANTI_FTR, PD","rocket10, utility10, missile_bp, merc, ind",,,,Pressure / Anti Fighter,Very Slow,None,,,"Not affected by missile speed, acceleration, and flight time modifiers.",,,,,13
,,,,,,,,,,,,,,,,,,,,,,,,,,,,,,,,,,,,,,,,,,,,,,,,
Reaper-class Torpedo,reaper,0,,200,1200,,4000,,300,10,4,2,,,HIGH_EXPLOSIVE,0,,0,5,1,,0,0,0,0,,400,100,3.5,500,,,"STRIKE, USE_VS_FRIGATES","strike5, rocket5, missile_bp, merc, ind",,,,Torpedo,Fast,None,,,,,,,TRUE,9
Typhoon Reaper Launcher,typhoon,0,,1200,1200,,4000,,300,20,10,6,,,HIGH_EXPLOSIVE,0,,0,15,1,,0,0,0,0,,400,100,3.5,500,,,"STRIKE, USE_VS_FRIGATES","strike10, rocket10, missile_bp, merc, ind",,,,Torpedo,Fast,None,,,,,,,TRUE,14
Cyclone Reaper Launcher,cyclone,1,,6000,1500,,4000,,300,20,26,20,,,HIGH_EXPLOSIVE,0,,0,15,2,1,0,0,0,0,,400,100,3.5,500,,,"STRIKE, USE_VS_FRIGATES","strike20, rocket20, rare_bp, hist1t, merc, ind",,,,Torpedo,Fast,None,,,,,,,TRUE,15
,,,,,,,,,,,,,,,,,,,,,,,,,,,,,,,,,,,,,,,,,,,,,,,,
Atropos-class Torpedo Rack,atropos,1,0.5,600,1200,,2000,,150,10,6,2,,,HIGH_EXPLOSIVE,0,,0,1,1,,0,0,0,0,,500,150,4,300,,,GUIDED_POOR,"strike5, missile5, missile_bp, merc, ind",,,,Torpedo,Fast,Good,,,,,,,TRUE,9.5
,,,,,,,,,,,,,,,,,,,,,,,,,,,,,,,,,,,,,,,,,,,,,,,,
Hammer-class Torpedo,hammer,0,,150,1200,,1500,,75,10,3,4,,,HIGH_EXPLOSIVE,0,,0,1,1,,0,0,0,0,,500,40,4,350,,,"STRIKE, USE_VS_FRIGATES","strike5, rocket5, base_bp, ind",,,,Torpedo,Fast,None,,,,,,,TRUE,9.8
Jackhammer,jackhammer,0,,1000,1200,,1500,,75,20,9,12,,,HIGH_EXPLOSIVE,0,,0,9.5,3,0.25,10,10,0,0,,500,40,4,350,,,"STRIKE, USE_VS_FRIGATES","strike10, rocket10, base_bp, ind",,,,Torpedo,Fast,None,,,,,,,TRUE,13.75
Hammer Barrage,hammerrack,0,,1250,1200,,1500,,75,10,20,30,,,HIGH_EXPLOSIVE,0,,0,5,4,0.15,0,0,0,0,,500,40,4,350,,,"STRIKE, USE_VS_FRIGATES","strike20, rocket20, base_bp, ind",,,,Torpedo,Fast,None,,,,,,,TRUE,16.4
,,,,,,,,,,,,,,,,,,,,,,,,,,,,,,,,,,,,,,,,,,,,,,,,
Salamander MRM,heatseeker,0,,225,2000,,500,750,50,30,5,,,,FRAGMENTATION,0,,0,20,1,,0,0,0,,,400,50,15,150,,,"DO_NOT_AIM, HEATSEEKER","strike4, missile5, missile_bp, merc, ind",,,,Anti Engine,Fast,Excellent,,,,,,,TRUE,11.25
Salamander MRM Pod,salamanderpod,0,,1200,2000,,500,750,50,10,10,,,,FRAGMENTATION,0,,0,20,2,0.25,0,0,0,,,400,50,15,150,,,"DO_NOT_AIM, HEATSEEKER","strike8, missile10, missile_bp, merc, ind",,,,Anti Engine,Fast,Excellent,,,,,,,TRUE,12.32
,,,,,,,,,,,,,,,,,,,,,,,,,,,,,,,,,,,,,,,,,,,,,,,,
Harpoon MRM,harpoon,0,,200,4000,,750,,30,30,5,3,,,HIGH_EXPLOSIVE,0,,0,1,1,,0,0,0,,,400,100,12.5,150,,,DO_NOT_AIM,"missile5, strike5, missile_bp, merc, ind",,,,Finisher,Fast,Medium,,,,,,,TRUE,11.5
Harpoon MRM Pod,harpoonpod,0,,1200,4000,,750,,30,10,10,12,,,HIGH_EXPLOSIVE,0,,0,8.25,2,0.25,0,0,0,,,400,100,12.5,150,,,DO_NOT_AIM,"missile10, strike10, missile_bp, merc, ind",,,,Finisher,Fast,Medium,,,,,,,TRUE,12
,,,,,,,,,,,,,,,,,,,,,,,,,,,,,,,,,,,,,,,,,,,,,,,,
Sabot SRM,sabot,0,,200,1200,,250,,30,30,5,3,,,KINETIC,0,,0,1,1,,0,0,0,0,,150,50,8,300,,,GUIDED_POOR,"missile5, strike5, missile_bp, merc, ind",,,,Anti Shield,Slow,Poor,,,"Submunition hits on hull or armor have a %s chance to arc to weapons and engines, dealing %s EMP damage.",25% | 400,,,TRUE,11.75
Sabot SRM Pod,sabotpod,0,,1200,1200,,250,,30,10,10,12,,,KINETIC,0,,0,8.75,2,0.25,0,0,0,0,,150,50,8,300,,,GUIDED_POOR,"missile10, strike10, missile_bp, merc, ind",,,,Anti Shield,Slow,Poor,,,"Submunition hits on hull or armor have a %s chance to arc to weapons and engines, dealing %s EMP damage.",25% | 400,,,TRUE,12.31
,,,,,,,,,,,,,,,,,,,,,,,,,,,,,,,,,,,,,,,,,,,,,,,,
Squall MLRS,squall,1,,7500,2500,,250,200,30,20,20,160,,,KINETIC,0,,0,5,20,0.5,0,0,0,0,,600,100,4.75,300,,,"DO_NOT_AIM, CONSERVE_3, STRIKE, USE_VS_FRIGATES, MISSILE_SPREAD","strike20, missile20, missile_bp, merc, ind",,,,Suppression,Very Fast,Special,,,,,,,,16.2
Hurricane MIRV Launcher,hurricane,0,,7500,2500,,500,,100,10,25,10,,,HIGH_EXPLOSIVE,0,,0,10,1,,0,0,0,0,,250,50,12,350,,,"DO_NOT_AIM, CONSERVE_5","strike20, missile20, missile_bp, merc, ind",,,,Finisher,Medium,Good,,,,,,,,16
Locust SRM Launcher,locust,1,,7500,1400,,100,,15,30,18,600,,,HIGH_EXPLOSIVE,0,,0,10,40,0.1,0,0,0,0,,400,100,6,60,,,"ANTI_FTR, DO_NOT_AIM, DO_NOT_CONSERVE","utility20, missile20, missile_bp, merc, ind",,,,Anti Small Craft,Fast,Excellent,,,,,,,,16.3
,,,,,,,,,,,,,,,,,,,,,,,,,,,,,,,,,,,,,,,,,,,,,,,,
Gazer DEM SRM,gazer,1,,250,1200,,100,,15,30,5,6,,,KINETIC,0,,0,9.5,2,0.5,0,0,0,0,,150,25,5,250,,,DO_NOT_AIM,"strike5, missile5, no_drop_salvage, damage_special, damage_soft_flux, codex_unlockable",,Persean League,,Suppression,Slow,Good,,,"The missile fires a graviton beam at the target, dealing approximately %s kinetic damage over the course of %s seconds. This damage is affected by missile damage modifiers and not energy weapon ones.",1000 | 10,,,TRUE,11.94
Gazer SRM Pod,gazerpod,1,,1300,1200,,100,,15,10,10,24,,,KINETIC,0,,0,9.5,4,0.5,0,0,0,0,,150,25,5,250,,,DO_NOT_AIM,"strike10, missile10, no_drop_salvage, damage_special, damage_soft_flux, codex_unlockable",,Persean League,,Suppression,Slow,Good,,,"Each missile fires a graviton beam at the target, dealing approximately %s kinetic damage over the course of %s seconds. This damage is affected by missile damage modifiers and not energy weapon ones.",1000 | 10,,,TRUE,12.21
    Gazer - Payload,gazer_payload,1,,0,1000,100,,,0,30,20,,,,KINETIC,0,,0.1,0.1,10,0.5,,,,,2400,,,,,,,SYSTEM,,,,,,,,,,,,,,,11.95
,,,,,,,,,,,,,,,,,,,,,,,,,,,,,,,,,,,,,,,,,,,,,,,,
Gorgon DEM SRM,gorgon,0,,250,1500,,800,,15,30,5,2,,,ENERGY,0,,0,1,2,,0,0,0,0,,300,75,6,250,,,DO_NOT_AIM,"strike5, missile5, no_drop_salvage, damage_special, damage_soft_flux, codex_unlockable",,Persean League,,Assault / Finisher,Medium,Good,,,"The missile fires a high-powered laser when it gets near the target, dealing approximately %s energy damage in a short burst. This damage is affected by missile damage modifiers and not energy weapon ones.",800,,,TRUE,11.9
Gorgon SRM Pod,gorgonpod,0,,1300,1500,,800,,15,10,10,8,,,ENERGY,0,,0,9.5,2,0.5,0,0,0,0,,300,75,6,250,,,DO_NOT_AIM,"strike10, missile10, no_drop_salvage, damage_special, damage_soft_flux, codex_unlockable",,Persean League,,Assault / Finisher,Medium,Good,,,"The missile fires a high-powered laser when it gets near the target, dealing approximately %s energy damage in a short burst. This damage is affected by missile damage modifiers and not energy weapon ones.",800,,,TRUE,12.2
    Gorgon - Payload,gorgon_payload,1,,0,700,800,,,,30,0,,,,ENERGY,0,,0.05,0.25,0.9,0.5,,,,,1000000,,,,,,,"SYSTEM, DANGEROUS",fires_one_burst,,,,,,,,,,,,,,11.91
Hydra MDEM Launcher,hydra,1,,10000,2500,,1500,,50,10,20,10,,,ENERGY,,,0,10,1,,0,0,0,0,,300,75,7,400,,,"DO_NOT_AIM, CONSERVE_5","strike20, missile20, no_drop_salvage, damage_special, damage_soft_flux, codex_unlockable",,Persean League,,General,Medium,Excellent,,,The missile splits into %s submunitions which try to flank the target. Each one then fires a high-powered laser dealing approximately %s energy damage in a short burst. This damage is affected by missile damage modifiers and not energy weapon ones.,6 | 500,,,TRUE,16.05
    Hydra - Payload,hydra_payload,2,,0,700,500,,,,30,0,,,,ENERGY,0,,0.05,0.25,0.9,0.5,,,,,1000000,,,,,,,"SYSTEM, DANGEROUS",,,,,,,,,,,,,,,16.06
,,,,,,,,,,,,,,,,,,,,,,,,,,,,,,,,,,,,,,,,,,,,,,,,
Dragonfire DEM Torpedo,dragon,1,,2000,2000,,4000,,15,20,12,2,,,ENERGY,0,,0,5,1,,0,0,0,0,,150,0,12.5,600,,,"DO_NOT_AIM, STRIKE","strike10, missile10, no_drop_salvage, damage_special, damage_soft_flux, codex_unlockable",,Persean League,,Torpedo,Slow,Good,,,"The missile fires a high-powered laser when it gets near the target, dealing approximately %s energy damage in a short burst. This damage is affected by missile damage modifiers and not energy weapon ones.",4000,,,TRUE,12.11
Dragonfire Torpedo Pod,dragonpod,1,,12000,2000,,4000,,15,20,28,5,,,ENERGY,0,,0,15,1,,0,0,0,0,,150,0,12.5,600,,,"DO_NOT_AIM, STRIKE","strike20, missile20, no_drop_salvage, damage_special, damage_soft_flux, codex_unlockable",,Persean League,,Torpedo,Slow,Good,,,"The missile fires a high-powered laser when it gets near the target, dealing approximately %s energy damage in a short burst. This damage is affected by missile damage modifiers and not energy weapon ones.",4000,,,TRUE,16.01
    Dragonfire - Payload,dragon_payload,2,,0,1000,8000,,,,20,0,,,,ENERGY,0,,0,0.75,0.25,0.5,,,,,1000000,,,,,,,"SYSTEM, DANGEROUS",fires_one_burst,,,,,,,,,,,,,,12.12