id,type,text1,text2,text3,text4,text5,notes
lightmortar_fighter,WEAPON,"An antiquated weapon that launches anti-armor rounds at a low rate of fire, muzzle velocity, and range. Low flux buildup is the lone saving grace.",,,,,
#warthog,SHIP,"Boasting superb armor with firepower to match, the Warthog is capable of trading blows with larger ships, but lacks shield-breaking weapons. An accelerated ammo feed increases its initial damage. Allowing it to rip and tear enemies ill-prepared for its arrival.",,,,,
warthog,SHIP,"Boasting superb armor with firepower to match, the Warthog is capable of trading blows with larger ships, but lacks shield-breaking weapons. A decoy flare launcher helps draw fire away from its more vulnerable allies.",,,,,
,,,,,,,
miningblaster,WEAPON,"The miner's best friend, this weapon can deliver pulverizing bolts of energy at medium range, albeit at extreme cost in flux.",,,,,
grendel,SHIP,"An ill-fated design from the start, the Wendigo was originally planned as a heavy phase droneship. Casualties would be irrelevant and routine damage anticipated, for this ship is a brawler which can phase-shift through a first wave of hostile ordnance to appear in the midst of the enemy battle line ready to unleash missiles and heavy firepower. The trick is, of course, performing this maneuver safely by carefully juggling flux-load and positioning, though its service record demonstrates that nothing is particularly safe about the Wendigo.  

The brainchild of an eccentric admiral who managed to capture procurement authority over an entire frontier sector, the first prototypes were installed with low-level AI core commanders. The AIs became rapidly unstable, even erratic, after only a handful of phase shifts. Subsequently, the precise details of these experiments were suppressed by an obscure intelligence ministry of the Domain and the project saved only by the admiral's personal intervention. With AI unsuitable, the next best disposable resource was tapped, and the Wendigo saw its first combat service on the far fringes crewed almost entirely by Domain Armada penal battalions.",,,,,
,,,,,,,
snowball,SHIP,"Enforcer was a ship commonly killed en masse during the AI Wars. In fact one of the most killed ones. The crews of which were decimated over and over in concentrated missile attacks from all directions. The most insane thought was to learn how to recycle these dead wrecks into something more useful than machinery and supplies. So, here we are.",,,,,
,,,,,,,
phasecl,WEAPON,"Deploys low-velocity proximity charges with an impressive blast radius. Especially devastating against fighters, but also effective vs armored targets.",,,,,
,,,,,,,
wasp,SHIP,"Fast and nimble, Wasp drones typically outnumber and easily swarm enemy fighter formations while their Stinger mines prevent stragglers from getting through. Faced with point-defense weaponry, their fragility begins to tell.",,,,,
mining_drone,SHIP,"Sturdy and uncrewed, the Mining Pod can provide a bit of a distraction and a bit of fire support, and not much else.",,,,,
,,,,,,,
drone_strike,SHIP_SYSTEM,"Supercharges one of the Terminator drones with a brief energy transfer. The drone tracks a nearby target like a missile, dealing massive damage on impact.",Offensive,"Supercharges one of the Terminator drones and sends it after a target. The drone deals 1000 Energy damage and 500 EMP damage on impact, and charging it generates 1000 flux.",1000 Energy | 1000 EMP | 500,Each drone deals {{1000 Energy}} damage and {{500 EMP}} damage on impact.,