{
	"starSystem":"abin_cresc",
	"markets":[
		{
			"entities":["denyza"],
			"faction":"luddic_church",
			"size":5,
			"startingConditions":[
				"luddic_majority",
				"population_5",
				"farmland_adequate",
				"rare_ore_sparse",
				"ore_rich",
				"organics_common",
				"high_gravity",
				"habitable",
				"mild_climate",
			],
			"industries":[
				"population",
				"spaceport",
				"farming",
				"commerce",
				"heavybatteries",
				"militarybase",
				"mining",
				"waystation",
				#"patrolhq",
			],
		},
#		{
#			"entities":["maronia"],
#			"faction":"independent",
#			"size":3,
#			"startingConditions":[
#				"decivilized_subpop",
#				"population_3",
#				"ruins_extensive",
#				"ore_moderate",
#				"no_atmosphere",
#			],
#			"industries":[
#				"population",
#				"spaceport",
#				#"techmining",
#				"grounddefenses",
#			],
#		},
		],
}



