{
	"starSystem":"bzabzen",
	"markets":[
		{
			"entities":["bourbon"],
			"faction":"persean",
			"size":7,
			#"freePort":true,
			"startingConditions":[
				"population_7",
				#"luddic_majority",
				"farmland_rich",
				"ore_sparse",
				"organics_common",
				"habitable",
				"decivilized_subpop",
				"pollution",
				#"tectonic_activity",
				"ruins_scattered",
			],
			"industries":[
				"population",
				"megaport",
				"farming",
				"mining",
				"orbitalstation_mid",
				#"grounddefenses",
				"heavybatteries",
				"patrolhq",
				#"waystation",
				"lightindustry",
			],
		},
	],
}



