{
	"starSystem":"cappuccino",
	"markets":[
		{
			"entities":["gumbat", "gumball_station"],
			"faction":"tritachyon",
			"size":4,
			"freePort":true,
			"startingConditions":[
				"population_4",
				"extreme_weather",
				"dense_atmosphere",
				"organics_trace",
				"ore_abundant",
				#"ruins_extensive",
				#"decivilized_subpop",
			],
			"industries":[
				"population",
				"spaceport",
				"mining",
				"lightindustry",
				"patrolhq",
				#"commerce",
				"orbitalstation_high",
				"grounddefenses",
				#"techmining",
			],
		},
		{
			"entities":["grabuz"],
			"faction":"pirates",
			"size":3,
			#"freePort":true,
			"startingConditions":[
				"population_3",
				"volatiles_abundant",
				"poor_light",
				"dense_atmosphere",
				"very_cold",
				"high_gravity",
			],
			"industries":[
				"population",
				"spaceport",
				"mining",
				#"heavybatteries",
				"patrolhq",
			],
		},
	],
}