{
	"starSystem":"deathcon",
	"markets":[
		{
			"entities":["meridia"],
			"faction":"tritachyon",
			"size":4,
			"freePort":true,
			"startingConditions":[
				"population_4",
				"irradiated",
				"ore_moderate",
				"rare_ore_moderate",
				"poor_light",
				#"dark",
				"very_cold",
			],
			"industries":[
				"population",
				"megaport",
				"mining",
				"refining",
				"orbitalstation",
				"heavybatteries",
				"militarybase",
				#"commerce",
				"waystation",
				#"lightindustry",
			],
		},
		#{
		#	"entities":["gimli"],
		#	"faction":"independent",
		#	"size":4,
		#	"startingConditions":[
		#		"population_4",
		#		"farmland_poor",
		#		"rare_ore_moderate",
		#		"ore_abundant",
		#		"volatiles_diffuse",
		#		"tectonic_activity",
		#		"cold",
		#		"habitable",
		#	],
		#	"industries":[
		#		"population",
		#		"spaceport",
		#		"mining",
		#		"commerce",
		#		"grounddefenses",
		#		"patrolhq",
		#	],
		#},
	],
}



