{
	"starSystem":"fanvorita",
	"markets":[
		{
			"entities":["tiny_person"],
			"faction":"hegemony",
			#"freePort":false,
			"size":4,
			"startingConditions":[
				"population_4",
				"organics_common",
				"water_surface",
				"habitable",
				"low_gravity",
				"thin_atmosphere",
			],
			"industries":[
				"population",
				"megaport",
				#"waystation",
				"aquaculture",
				#"commerce",
				"heavybatteries",
				"militarybase",
				#"patrolhq",
				"mining",
				#"lightindustry",
				"waystation",
			],
		},
		#{
			#"entities":["nihilinth_station"],
			#"faction":"pirates",
			#"freePort":true,
			#"size":5,
			#"startingConditions":[
			#	"ruins_widespread",
			#	"population_5",
			#	"tough_station",
			#],
			#"industries":[
			#	"population",
			#	"megaport",
			#	"techmining",
			#	"lightindustry",
			#	"commerce",
			#	"starfortress_mid",
			#	"heavybatteries",
			#	"patrolhq",
			#],
		#},
	],
}



