{
	"starSystem":"generosity",
	"markets":[
		{
			"entities":["tonderilla"],
			"faction":"luddic_path",
			"size":5,
			#"freePort":true,
			"startingConditions":[
				"luddic_majority",
				"ruins_vast",
				"population_5",
				"ore_moderate",
				"organics_trace",
				#"hot",
				"very_hot",
				"habitable",
				"decivilized_subpop",
				"no_atmosphere",
			],
			"industries":[
				"population",
				"megaport",
				"mining",
				"lightindustry",
				"waystation",
				"militarybase",
				#"patrolhq",
				"heavybatteries",
				#"techmining",
				"fuelprod",
			],
		},
		{
			"entities":["lotus"],
			"faction":"luddic_church",
			"size":4,
			"freePort":true,
			"startingConditions":[
				"luddic_majority",
				"population_4",
				"rare_ore_abundant",
				"ore_ultrarich",
				"extreme_weather",
				"extreme_tectonic_activity",
				"very_hot",
			],
			"industries":[
				"population",
				"spaceport",
				"mining",
				"grounddefenses",
				"lightindustry",
				"patrolhq",
			],
		},
		],
}