{
	"starSystem":"generosity",
	"markets":[
		{
			"entities":["tonderilla"],
			"faction":"luddic_path",
			"size":7,
			#"freePort":true,
			"startingConditions":[
				"luddic_majority",
				"ruins_vast",
				"population_7",
				"ore_moderate",
				"organics_trace",
				"hot",
				"habitable",
				"decivilized_subpop",
			],
			"industries":[
				"population",
				"megaport",
				"mining",
				"lightindustry",
				#"orbitalworks",
				#"fuelprod",
				"waystation",
				#"militarybase",
				"patrolhq",
				"heavybatteries",
				#"battlestation_mid",
				#"techmining",
				"commerce",
			],
		},
		{
			"entities":["lotus"],
			"faction":"luddic_church",
			"size":4,
			"freePort":true,
			"startingConditions":[
				"luddic_majority",
				#"ruins_vast",
				"population_4",
				"rare_ore_abundant",
				"ore_ultrarich",
				"extreme_weather",
				"extreme_tectonic_activity",
				"very_hot",
			],
			"industries":[
				"population",
				"spaceport",
				"mining",
				"grounddefenses",
				"lightindustry",
				"patrolhq",
			],
		},
		],
}