{
	"starSystem":"morokoon",
	"markets":[
		{
			"entities":["gyas_a"],
			"faction":"sindrian_diktat",
			"size":4,
			#"freePort":true,
			"startingConditions":[
				"population_4",
				"volatiles_diffuse",
				"very_hot",
				"dense_atmosphere",
				"high_gravity",
				"luddic_majority",
			],
			"industries":[
				"population",
				"megaport",
				"lightindustry",
				"militarybase",
				["mining", "plasma_dynamo"],
				"heavybatteries",
				"waystation",
				"orbitalstation_mid",
			],
		},
		{
			"entities":["yendore"],
			"faction":"persean",
			"size":6,
			#"freePort":true,
			"startingConditions":[
				"population_6",
				"ore_moderate",
				"habitable",
				"pollution",
				#"hot",
			],
			"industries":[
				"population",
				"megaport",
				"lightindustry",
				"patrolhq",
				"mining",
				"grounddefenses",
				#"refining",
				#"commerce",
			],
		},
		{
			"entities":["arbakan"],
			"faction":"independent",
			"size":5,
			"freePort":true,
			"startingConditions":[
				"population_5",
				"tectonic_activity",
				"cold",
				"organics_common",
				"extreme_weather",
			],
			"industries":[
				"population",
				"spaceport",
				"mining",
				"grounddefenses",
				"militarybase",
				"lightindustry",
				"orbitalstation_high",
				"waystation",
			],
		},
	],
}


