{
	"starSystem":"no_bono",
	"markets":[
		{
			"entities":["planet_null"],
			"faction":"pirates",
			"size":3,
			"freePort":true,
			"startingConditions":[
				"population_3",
				"rare_ore_rich",
				"ore_moderate",
				"volatiles_trace",
				"inimical_biosphere",
				"high_gravity",
				"habitable",
				"irradiated",
			],
			"industries":[
				"population",
				"spaceport",
				"mining",
				#"grounddefenses",
				"patrolhq",
			],
		},
#		{
#			"entities":["fameless"],
#			"faction":"sindrian_diktat",
#			"size":4,
#			"freePort":true,
#			"startingConditions":[
#				"population_4",
#				"rare_ore_sparse",
#				"organics_common",
#				"dense_atmosphere",
#				"cold",
#			],
#			"industries":[
#				"population",
#				"spaceport",
#				"mining",
#				"lightindustry",
#				#"orbitalstation_mid",
#				"grounddefenses",
#				#"heavybatteries",
#				#"militarybase",
#				"patrolhq", #to assure vanilla compatibility
#			],
#		},
	],
}