{
	"starSystem":"syzygy",
	"markets":[
		{
			"entities":["gagner"],
			"faction":"luddic_church",
			"size":7,
			"startingConditions":[
				"luddic_majority",
				"population_7",
				"ruins_scattered",
				#"farmland_poor",
				"rare_ore_abundant",
				"ore_sparse",
				"organics_abundant",
				"cold",
				#"habitable",
				
				#"pollution",
				#"extreme_weather",
			],
			"industries":[
				"population",
				#"spaceport",
				"megaport",
				"mining",
				"farming",
				"patrolhq",
				"lightindustry",
				"waystation",
				"grounddefenses",
			],
		},
		{
			"entities":["memory"],
			"faction":"tritachyon",
			"size":3,
			#"freePort":true,
			"startingConditions":[
				"population_3",
				"organics_common",
				"extreme_weather",
				"tectonic_activity",
				"very_cold",
				"low_gravity",
			],
			"industries":[
				"population",
				"spaceport",
				"mining",
				"grounddefenses",
			],
		},
		{
			"entities":["new_bezonia"],
			"faction":"tritachyon",
			"size":4,
			"freePort":true,
			"startingConditions":[
				"population_4",
				#"irradiated",
				"ore_moderate",
				"rare_ore_sparse",
				"very_cold",
				"poor_light",
			],
			"industries":[
				"population",
				"spaceport",
				"mining",
				"grounddefenses",
				#"patrolhq",
				"refining",
				"militarybase",
				"orbitalstation_high",
			],
		},
	],
}