{
	"starSystem":"vobo",
	"markets":[
		{
			"entities":["broken_bone", "abandoned_station"],
			"faction":"pirates",
			"freePort":true,
			"size":4,
			"startingConditions":[
				"population_4",
				"cold",
				"no_atmosphere",
				"ore_moderate",
			],
			"industries":[
				"population",
				"spaceport",
				"mining",
				"orbitalstation",
				"grounddefenses",
				"patrolhq",
			],
		},
		{
			"entities":["rippers_morld"],
			"faction":"tritachyon",
			"freePort":true,
			"size":5,
			"startingConditions":[
				"population_5",
				#"solar_array",
				"hot",
				"volatiles_diffuse",
				"organics_trace",
				"water_surface",
				"habitable",
				"extreme_weather",
			],
			"industries":[
				"population",
				#"megaport",
				"spaceport",
				"aquaculture",
				"mining",
				"lightindustry",
				"grounddefenses",
				"patrolhq",
				#"waystation",
			],
		},
		],
}



