{
	"starSystem":"vobo",
	"markets":[
		{
			"entities":["broken_bone", "abandoned_station"],
			"faction":"pirates",
			"freePort":true,
			"size":4,
			"startingConditions":[
				"population_4",
				"cold",
				"no_atmosphere",
				"ore_moderate",
			],
			"industries":[
				"population",
				#"spaceport",
				"megaport",
				"mining",
				"refining",
				"heavybatteries",
				#"patrolhq",
				"militarybase",
				"waystation",
				"orbitalstation",
			],
		},
		{
			"entities":["rippers_morld"],
			"faction":"tritachyon",
			"freePort":true,
			"size":7,
			"startingConditions":[
				"population_7",
				#"solar_array",
				"volatiles_diffuse",
				"organics_trace",
				"water_surface",
				"habitable",
				"extreme_weather",
			],
			"industries":[
				["population",],
				"megaport",
				"aquaculture",
				"mining",
				"lightindustry",
				#"commerce",
				"heavybatteries",
				"patrolhq",
				"waystation",
				#"orbitalstation_high",
				#"fuelprod",
			],
		},
		],
}



