{
	"starSystem":"bzabzen",
	"markets":[
		{
			"entities":["bourbon"],
			"faction":"persean",
			"size":4,
			#"freePort":true,
			"startingConditions":[
				"population_4",
				#"luddic_majority",
				"farmland_rich",
				"ore_sparse",
				"organics_common",
				"habitable",
				"decivilized_subpop",
				"pollution",
				#"tectonic_activity",
			],
			"industries":[
				"population",
				"megaport",
				"farming",
				"mining",
				"orbitalstation_mid",
				"grounddefenses",
				"patrolhq",
			],
		},
	],
}



