{
	"id":"nightmare_economy",
	"name":"Nightmarish Economy",
	"author":"Krill",
	"version":"2B-d-e-f-a",
	"description":"WE INVESTED OUR MONEY POORLY!",
	"gameVersion":"0.98a-RC8",
	
		"replace": [
			"data/campaign/econ/algebbar.json",
			"data/campaign/econ/arcadia.json",
			"data/campaign/econ/askonia.json",
			"data/campaign/econ/aztlan.json",
			"data/campaign/econ/canaan.json",
			"data/campaign/econ/corvus.json",
			"data/campaign/econ/eos.json",
			"data/campaign/econ/hybrasil.json",
			"data/campaign/econ/isirah.json",
			"data/campaign/econ/kumarikandam.json",
			"data/campaign/econ/magec.json",
			"data/campaign/econ/mayasura.json",
			"data/campaign/econ/naraka.json",
			"data/campaign/econ/samarra.json",
			"data/campaign/econ/valhalla.json",
			"data/campaign/econ/westernesse.json",
			"data/campaign/econ/thule.json",
			"data/campaign/econ/tyle.json",
			"data/campaign/econ/yma.json",
			"data/campaign/econ/zagan.json",
		],
}