id,type,text1,text2,text3,text4,text5,notes
#lightmortar_fighter,WEAPON,"An antiquated weapon that launches anti-armor rounds at a low rate of fire, muzzle velocity, and range. Low flux buildup is the lone saving grace.",,,,,
#warthog,SHIP,"Boasting superb armor with firepower to match, the Warthog is capable of trading blows with larger ships, but lacks shield-breaking weapons. An accelerated ammo feed increases its initial damage. Allowing it to rip and tear enemies ill-prepared for its arrival.",,,,,
warthog,SHIP,"Boasting superb armor with firepower to match, the Warthog is capable of trading blows with larger ships, but lacks shield-breaking weapons. A decoy flare launcher helps draw fire away from its more vulnerable allies.",,,,,
,,,,,,,
miningblaster,WEAPON,"The miner's best friend, this weapon can deliver pulverizing bolts of energy at medium range, albeit at extreme cost in flux.",,,,,
reaper,WEAPON,"An unguided torpedo of devastating yield with a powerful on-board engine.

The quintessential strike weapon, a single Reaper torpedo is a large self-propelled, armored, unguided delivery system for an enriched AM-catalyzed nuclear warhead. The science behind the surprisingly compact detonator is poorly understood in the Sector though widely speculated to be based on physics classified as secret by Domain authority. What is known is that three or four of these slipping through PD arcs are enough to destroy even the largest capital ship.",,,,,
reaper_single,WEAPON,An unguided torpedo of devastating yield with a powerful on-board engine.,,,,,
atropos_single,WEAPON,"A single advanced, guided torpedo. The payload is smaller than usual to make room for the advanced guidance package and maneuvering system's reaction mass.",,,,,
,,,,,,,
snowball,SHIP,"Enforcer was a ship commonly killed en masse during the AI Wars. In fact one of the most killed ones. The crews of which were decimated over and over in concentrated missile attacks from all directions. The most insane thought was to learn how to recycle these dead wrecks into something more useful than machinery and supplies. So, here we are.",,,,,
,,,,,,,
phasecl,WEAPON,"Deploys low-velocity proximity charges with an impressive blast radius. Especially devastating against fighters, but also effective vs armored targets.",,,,,
,,,,,,,
wasp,SHIP,"Fast and nimble, Wasp drones typically outnumber and easily swarm enemy fighter formations while their Stinger mines prevent stragglers from getting through. Faced with point-defense weaponry, their fragility begins to tell.",,,,,
#mining_drone,SHIP,"Sturdy and uncrewed, the Mining Pod can provide a bit of a distraction and a bit of fire support, and not much else.",,,,,
,,,,,,,
drone_strike,SHIP_SYSTEM,"Supercharges one of the Terminator drones with a brief energy transfer. The drone tracks a nearby target like a missile, dealing massive damage on impact.",Offensive,"Supercharges one of the Terminator drones and sends it after a target. The drone deals 1000 Energy damage and 500 EMP damage on impact, and charging it generates 1000 flux.",1000 Energy | 1000 EMP | 500,Each drone deals {{1000 Energy}} damage and {{500 EMP}} damage on impact.,
temporalshell,SHIP_SYSTEM,"Speeds up the flow of time on board the ship. Generates a significant amount of flux when used.

Research on prolonged exposure to the effect was described as 'worrying' and quietly halted.",Special,Speeds up the flow of time on board the ship. Generates a significant amount of flux when used.,,Time passes at up to {{two}} times the normal rate on board the ship.,
,,,,,,,
displacer,SHIP_SYSTEM,Teleports the ship a short distance in the direction it's traveling.,Movement,Teleports the ship a short distance in the direction it's traveling.,,The ship is teleported {{600}} units.,
displacer_degraded,SHIP_SYSTEM,Teleports the ship a short distance in the direction it's traveling.,Movement,Teleports the ship a short distance in the direction it's traveling.,,The ship is teleported {{600}} units.,
,,,,,,,
aurora,SHIP,"The Aurora-class cruiser is a technological marvel, uncommon among contemporary warfleets. Among the fastest and most maneuverable cruisers in the Sector.

One can only wonder what the Domain Armada could accomplish with a fleet of these sleek, asymmetric, and eminently effective vessels. The shields are backed up by hyper-advanced flux dissipation systems installed throughout the hull, giving the Aurora a deep flux pool.

Most blueprints required to manufacture Aurora-class ships are closely guarded corporate secrets, but a few have also seen service in Tri-Tachyon fleets and, rarely, may be found in the fleets of enterprising mercenary captains.",,,,,
,,,,,,,
drone_pd_midline,SHIP,Ancient heavily modified for deep space operations PD drone designated for providing symbolic coverage to its automated brethren.,,,,,