{
	"starSystem":"askonia",
	"markets":[
		{
			"entities":["sindria", "diktat_cnc"],
			"faction":"sindrian_diktat",
			"size":7,
			"startingConditions":[
				#"urbanized_polity",
				#"regional_capital",
				#"military_base",
				#"autofac_heavy_industry",
				#"hydroponics_complex",
				#"large_refugee_population",
				"population_7",
				"ore_abundant",
				"rare_ore_moderate",
				"very_hot",
				"no_atmosphere",
			],
			"industries":[
				"population",
				"megaport",
				"mining",
				#"refining",
				["refining", "catalytic_core"],
				["orbitalworks", "corrupted_nanoforge"],
				["fuelprod", "synchrotron"],
				"heavybatteries",
				"highcommand",
				"lionsguard",
				"battlestation",
			],
		},
		{
			"entities":["volturn"],
			"faction":"sindrian_diktat",
			"size":8,
			"startingConditions":[
				#"urbanized_polity",
				"volturnian_lobster_pens",
				#"large_refugee_population",
				#"organized_crime",
				#"water",
				"population_8",
				"organics_abundant",
				"water_surface",
				"habitable",
			],
			"industries":[
				"population",
				"aquaculture",
				"spaceport",
				"lightindustry",
				"mining",
				"grounddefenses",
				"orbitalstation_mid",
				"commerce",
			],
		},
		{
			"entities":["cruor"],
			"faction":"sindrian_diktat",
			"size":5,
			"parent":"sindria",
			"startingConditions":[
				#"dissident",
				#"vice_demand",
				#"frontier",
				"population_5",
				"thin_atmosphere",
				"extreme_tectonic_activity",
				"ore_rich",
				"rare_ore_rich",
				#"ore_ultrarich",
				#"rare_ore_ultrarich",
				#"low_gravity",
			],
			"industries":[
				"population",
				"spaceport",
				"mining",
				#["mining", "mantle_bore"],
				"grounddefenses",
				"refining",
				#"heavyindustry",
				"orbitalworks",
				"patrolhq",
			],
		},
		{
			"entities":["nortia"],
			"faction":"independent",
			"size":4,
			"freePort":true,
			"startingConditions":[
				#"organized_crime",
				#"military_base",
				"population_4",
				"no_atmosphere",
				"cold",
				"low_gravity",
				"ore_moderate",
				"rare_ore_sparse",
			],
			"industries":[
				"population",
				"spaceport",
				"mining",
				"refining",
				"heavybatteries",
				"militarybase",
			],
		},
		{
			"entities":["umbra"],
			"faction":"pirates",
			"size":5,
			"freePort":true,
			"startingConditions":[
				#"military_base",
				#"headquarters",
				#"volatiles_complex",
				#"ore_complex",
				#"dissident",
				"population_5",
				"thin_atmosphere",
				#"cold",
				#"poor_light",
				"ore_sparse",
				"volatiles_diffuse",
				"dark",
				"very_cold",
			],
			"industries":[
				"population",
				#["spaceport", "fullerene_spool"],
				["spaceport"],
				"mining",
				"heavybatteries",
				"militarybase",
				"fuelprod",
				"lightindustry",
				"orbitalstation",
			],
		},		
	],


}