{
	"starSystem":"naraka",
	"markets":[
		{
			"entities":["yama"],
			"faction":"hegemony",
			"size":6,
			"startingConditions":[
				"population_6",
				"farmland_poor",
				"habitable",
				"hot",
				"ore_sparse",
				"volatiles_trace",
			],
			"industries":[
				"population",
				"mining",
				"farming",
				"spaceport",
				"refining",
				"lightindustry",
				"grounddefenses",
				"orbitalstation",
				"patrolhq",
			],
		},
		{
			"entities":["nachiketa"],
			"faction":"hegemony",
			"size":5,
			"startingConditions":[
				"population_5",
				"no_atmosphere",
				"ore_sparse",
				"hot",
				"low_gravity",
			],
			"industries":[
				"population",
				"spaceport",
				["fuelprod", "synchrotron"],
				"heavybatteries",
				"militarybase",
				"battlestation_mid",
				"commerce",
				"lightindustry",
			],
		},
	],
	
}



