{
	"starSystem":"thule",
	"markets":[
		{
			"entities":["kazeron"],
			"faction":"persean",
			"size":7,
			"startingConditions":[
				#"hot",
				"population_7",
				"no_atmosphere",
				#"urbanized_polity",
				#"regional_capital",
				#"ore_rich",
				"ore_moderate",
				"rare_ore_moderate",
			],
			"industries":[
				"population",
				"megaport",
				["mining", "mantle_bore"],
				#"mining",
				["orbitalworks", "pristine_nanoforge"],
				"heavybatteries",
				"militarybase",
				"starfortress_mid",
				"refining",
				"lightindustry",
				"waystation",
			],
		},
		{
			"entities":["eldfell"],
			"faction":"independent",
			"size":5,
			"startingConditions":[
				#"no_atmosphere",
				#"hydroponics_complex",
				"population_5",
				"thin_atmosphere",
				"tectonic_activity",
				"ore_sparse",
			],
			"industries":[
				"population",
				"spaceport",
				"refining",
				"patrolhq",
				"mining",
				"grounddefenses",
				"lightindustry",
			],
		},
		{
			"entities":["thule_pirate_station"],
			"faction":"pirates",
			"size":4,
			"freePort":true,
			"startingConditions":[
				"volatiles_diffuse",
				#"vice_demand",
				"population_4",
				#"cold",
				"very_cold",
				"dark",
				#"irradiated",
			],
			"industries":[
				"population",
				"spaceport",
				"mining",
				"orbitalstation",
				"heavybatteries",
				#"patrolhq",
				"militarybase",
				"lightindustry",
			],
		},
	],


}



