name,id,type,tags,activationDays,activationCooldown,durationDays,deactivationDays,deactivationCooldown,unlockedAtStart,defaultForAIFleet,musicSuppression,uiOn,uiOff,uiLoop,worldOn,worldOff,worldLoop,icon,plugin,ai,desc,sortOrder
Active Sensor Burst,sensor_burst,DURATION,"stealth-, burn-, sensors+",0.3,,0.1,0.2,1,TRUE,TRUE,,ui_sensor_burst_on,,,world_sensor_burst_on,,,graphics/icons/abilities/sensor_burst.png,com.fs.starfarer.api.impl.campaign.abilities.SensorBurstAbility,com.fs.starfarer.api.impl.campaign.abilities.ai.SensorBurstAbilityAI,"Stop and increase detection range, fleet is more detectable.",300
Interdiction Pulse,interdiction_pulse,DURATION,"burn-, stealth-, sensors+",0.2,,0.001,,1,TRUE,TRUE,,ui_interdict_on,ui_interdict_off,ui_interdict_loop,world_interdict_on,world_interdict_off,world_interdict_loop,graphics/icons/abilities/interdiction_pulse.png,com.fs.starfarer.api.impl.campaign.abilities.InterdictionPulseAbility,com.fs.starfarer.api.impl.campaign.abilities.ai.InterdictionPulseAbilityAI,Slow down another fleet heading towards the source of the pulse.,650
Emergency Burn,emergency_burn,DURATION,"burn+, stealth-, sensors-",0.25,,1.4,0.25,1,TRUE,TRUE,1,ui_emergency_burn_on,ui_emergency_burn_off,ui_emergency_burn_loop,world_emergency_burn_on,world_emergency_burn_off,world_emergency_burn_loop,graphics/icons/abilities/emergency_burn.png,com.fs.starfarer.api.impl.campaign.abilities.EmergencyBurnAbility,com.fs.starfarer.api.impl.campaign.abilities.ai.EmergencyBurnAbilityAI,Briefly boost burn level at the cost of fuel and combat readiness.,400
,,,,,,,,,,,,,,,,,,,,,,
#Transverse Jump,fracture_jump,DURATION,"stealth-, burn+",0.8,,0.001,0.1,0.5,,,,,,,jump_point_open,,,graphics/icons/abilities/direct_jump.png,com.fs.starfarer.api.impl.campaign.abilities.FractureJumpAbility,,"Jump into a system through a nascent gravity well, or directly into hyperspace.",800
#Remote Survey,remote_survey,DURATION,"stealth-, burn-, sensors+",1,,0.1,0.1,,,,,ui_remote_survey_on,,,,,,graphics/icons/abilities/remote_survey.png,com.fs.starfarer.api.impl.campaign.abilities.RemoteSurveyAbility,,Identify the most promising survey target in the system.,900