id,trigger,conditions,script,text,options,notes
LPTitheCheck,BeginFleetEncounter,"$faction.id == luddic_path score:100
RepIsAtWorst $faction.id HOSTILE
!$ignorePlayerCommRequests
!$LP_tithePaid
!$LP_titheAskedFor
$relativeStrength >= 0
LPTitheCalc","$LP_titheConv = true 0
$LP_titheAskedFor = true 7
AddText ""You're being hailed by the $faction $otherShipOrFleet."" $faction.baseColor
$hailing = true 0",,,
,,,,,,
tOffPatrolOpenComm,OpenCommLink,"!$entity.patrolAllowTOff
$entity.transponderOffConv score:100","AddText ""\""Running with the transponder off in $faction space is against the law. You're hereby ordered to turn your transponder on, identify yourself immediately, and submit to a cargo scan for contraband.\""""
#AdjustRep $faction.id TRANSPONDER_OFF
AdjustRepActivePerson TRANSPONDER_OFF
SetStoryOption avoid_scan 1 avoidCargoScan ui_char_spent_story_point ""Talked your way out of a cargo scan""",,"0:tOff_comply:Turn the transponder on and comply
1:avoid_scan:Talk your way out of it
2:tOff_refuse:Refuse and cut the comm link",
tOffPatrolOpenCommUnknown,OpenCommLink,"!$entity.patrolAllowTOff
$entity.transponderOffConv score:100
!$entity.knowsWhoPlayerIs","AddText ""\""Unknown $shipOrFleet, identify yourself! Running with the transponder off in $faction space is against the law. You're hereby ordered to turn your transponder on and submit to a cargo scan.\""""
#AdjustRep $faction.id TRANSPONDER_OFF
AdjustRepActivePerson TRANSPONDER_OFF
SetStoryOption avoid_scan 1 avoidCargoScan ui_char_spent_story_point ""Talked your way out of a cargo scan""",,"0:tOff_comply:Turn the transponder on and comply
1:avoid_scan:Talk your way out of it
2:tOff_refuse:Refuse and cut the comm link",
tOffPatrolOpenCommTOn,OpenCommLink,"!$entity.patrolAllowTOff
$entity.transponderOffConv score:100
$player.transponderOn","AddText ""\""Running with the transponder off in $faction space is against the law. Don't think you can just turn it back on and avoid our attention - you're hereby ordered to submit to a cargo scan.\""""
#AdjustRep $faction.id TRANSPONDER_OFF
AdjustRepActivePerson TRANSPONDER_OFF
SetStoryOption avoid_scan 1 avoidCargoScan ui_char_spent_story_point ""Talked your way out of a cargo scan""",,"0:tOff_comply2:Allow the scan
1:avoid_scan:Talk your way out of it
2:tOff_refuse:Refuse and cut the comm link",
tOffPatrolOpenCommNotFirstTime,OpenCommLink,"!$entity.patrolAllowTOff
$entity.transponderOffConv score:100
$entity.sawPlayerWithTOffCount == 2.0 score:10
$entity.relativeStrength >= 0","AddText""\""I told you last time to keep your transponder on.\""""
#AdjustRep $faction.id TRANSPONDER_OFF
AdjustRepActivePerson TRANSPONDER_OFF
AddText ""The comm link is cut before you have a chance to respond.""
$entity.ignorePlayerCommRequests = true 0
unset $entity.transponderOffConv
#MakeHostileWhileTOff tOff true 7
MakeOtherFleetHostile tOff true 7",,"#0:tOff_notFirstTimeCont:Continue
cutCommLinkNoText:Continue",
,,,,,,
tOffRefuse,DialogOptionSelected,$option == tOff_refuse,"$entity.ignorePlayerCommRequests = true 0
unset $entity.transponderOffConv
#AdjustRep $faction.id TRANSPONDER_OFF_REFUSE
AdjustRepActivePerson TRANSPONDER_OFF_REFUSE
MakeHostileWhileTOff tOff true 7
ShowDefaultVisual
EndConversation
$sourceMarket.smugglingScanTimeout = true 30",,,
tOffRefuseTransponderIsOn,DialogOptionSelected,"$option == tOff_refuse
$player.transponderOn","$entity.ignorePlayerCommRequests = true 0
unset $entity.transponderOffConv
#AdjustRep $faction.id TRANSPONDER_OFF_REFUSE
AdjustRepActivePerson TRANSPONDER_OFF_REFUSE
MakeOtherFleetHostile tOff true 7
ShowDefaultVisual
EndConversation
$sourceMarket.smugglingScanTimeout = true 30",,,
,,,,,,
cargoScanRefuse,DialogOptionSelected,$option == cargoScan_refuse,"$entity.ignorePlayerCommRequests = true 0
unset $entity.cargoScanConv
unset $entity.pursuePlayer_smugglingScan
$entity.smugglingScanComplete = true 1
$sourceMarket.smugglingScanTimeout = true 30
#AdjustRep $faction.id CARGO_SCAN_REFUSE
AdjustRepActivePerson CARGO_SCAN_REFUSE
ShowDefaultVisual
EndConversation",,,