name,id,designation,tech/manufacturer,system id,fleet pts,hitpoints,armor rating,max flux,8/6/5/4%,flux dissipation,ordnance points,fighter bays,max speed,acceleration,deceleration,max turn rate,turn acceleration,mass,shield type,defense id,shield arc,shield upkeep,shield efficiency,phase cost,phase upkeep,min crew,max crew,cargo,fuel,fuel/ly,range,max burn,base value,cr %/day,CR to deploy,peak CR sec,CR loss/sec,supplies/rec,supplies/mo,c/s,c/f,f/s,f/f,crew/s,crew/f,hints,tags,logistics n/a reason,codex variant id,rarity,breakProb,minPieces,maxPieces,travel drive,number
,skirmish_unit,Skirmish Unit,Threat,displacer_threat,7,3000,600,2500,dp,200,1000,,130,150,100,60,90,250,FRONT,,150,0.4,1.2,,,0,0,10,50,0.25,200,10,10000,100,10,,,8,8,,,,,,,UNBOARDABLE,"threat, threat_combat, threat_skirmish, codex_unlockable, limited_tooltip_if_locked",,,,0.5,2,2,,231
,overseer_unit,Overseer Unit,Threat,energy_lash,25,5000,900,5000,dp,400,1000,,90,90,70,30,60,350,OMNI,,150,0.4,1.2,,,0,0,40,100,0.5,200,9,100000,100,10,,,16,16,,,,,,,UNBOARDABLE,"threat, threat_overseer, codex_unlockable, limited_tooltip_if_locked",,,,0.5,2,3,,321
,assault_unit,Assault Unit,Threat,incursion_mode,12,7000,1000,6000,dp,400,1000,,90,90,80,30,60,500,FRONT,,150,0.4,1.2,,,0,0,80,100,0.5,200,9,80000,100,10,,,20,20,,,,,,,UNBOARDABLE,"threat, threat_aggressive, threat_combat, codex_unlockable, limited_tooltip_if_locked",,,,0.5,2,2,,322
,hive_unit,Hive Unit,Threat,fragment_volley,20,16000,1600,10000,dp,500,1000,,70,50,40,15,20,2000,FRONT,,210,0.4,1.2,,,0,0,150,150,0.75,200,10,200000,100,10,,,44,44,,,,,,,UNBOARDABLE,"threat, threat_timid, threat_hive, codex_unlockable, limited_tooltip_if_locked",,,,0.5,2,3,,417
,standoff_unit,Line Unit,Threat,extraction_protocol,18,18000,1700,12000,dp,700,1000,,70,70,60,15,30,500,FRONT,,150,0.4,1.2,,,0,0,120,150,0.75,200,9,150000,100,10,,,40,40,,,,,,,UNBOARDABLE,"threat, threat_combat, codex_unlockable, limited_tooltip_if_locked",,,,0.5,2,3,,418
,fabricator_unit,Fabricator Unit,Threat,construction_swarm,600,30000,2000,20000,dp,1000,1000,,40,20,15,6,9,10000,OMNI,,150,0.4,1.2,,,0,0,2000,1000,1,1000,8,500000,1000,10,,,40,40,,,,,,,UNBOARDABLE,"threat, threat_fabricator, codex_unlockable, limited_tooltip_if_locked, full_cr_recovery",,,,0.5,3,4,,515