{
	"starSystem":"morokoon",
	"markets":[
		{
			"entities":["yendore"],
			"faction":"persean",
			"size":5,
			"freePort":true,
			"startingConditions":[
				"population_5",
				"ore_moderate",
				"habitable",
				"pollution",
				#"hot",
			],
			"industries":[
				"population",
				"spaceport",
				"lightindustry",
				"patrolhq",
			],
		},
		{
			"entities":["arbakan"],
			"faction":"independent",
			"size":4,
			"freePort":false,
			"startingConditions":[
				"population_4",
				"tectonic_activity",
				"cold",
				"organics_common",
				#"extreme_weather",
			],
			"industries":[
				"population",
				"spaceport",
				"mining",
				"grounddefenses",
				"militarybase",
			],
		},
	],
}


