name,id,tags,tech/manufacturer,rarity,base price,stack size,cargo space,baseRaidDanger,icon,sound id,sound id drop,plugin,plugin params,desc,order
Fragment Fabricator,fragment_fabricator,"threat, codex_unlockable",Threat,,40000,1000,1,,graphics/icons/cargo/fragment_fabricator.png,ui_cargo_special_industrial_pickup,ui_cargo_special_industrial_drop,com.fs.starfarer.api.campaign.impl.items.BaseSpecialItemPlugin,,"Unfamiliar technology which nonetheless shares design principles with ancient Domain engineering standards. Various self-modifying adapters accept energy and forge-stock input. There is no command interface. Attempts to interfere with workings provoke aggressive cannibalizing self-repair mechanisms; a major attempt to dismantle the unit would risk self-destruction.

This is clearly a fabricator, because when the inputs are fed, it produces Fragment units, each of which is formed of a unique arrangement of fractal components but which is functionally similar, with slight allowance for scale. Simple on an individual level, the fragments exhibit sophisticated emergent behavior in groups.",400
Threat Processing Unit,threat_processing_unit,"threat, codex_unlockable",Threat,,30000,1000,1,,graphics/icons/cargo/threat_processing_unit.png,ui_cargo_special_industrial_pickup,ui_cargo_special_industrial_drop,com.fs.starfarer.api.campaign.impl.items.BaseSpecialItemPlugin,,"A basic, modular computational unit. These seem to be employed in large numbers to support the various functions of Threat vessels. Not fully understood, but clearly well below the threshold for being considered an artificial intelligence of any level.",401
Shrouded Substrate,shrouded_substrate,"monster, codex_unlockable",Shrouded Dweller,,10000,1000,1,,graphics/icons/cargo/shrouded_substrate.png,ui_cargo_special_biotech_pickup,ui_cargo_special_bio_drop,com.fs.starfarer.api.campaign.impl.items.ShroudedSubstratePlugin,,"Anomalous exotic matter held in semi-stable stasis using makeshift containment units. It is recommended to employ hazardous material handling protocols class 6, 7, 9, and 13. Cursory investigation suggests applications in energy projection.",450
Shrouded Thunderhead,shrouded_thunderhead,"monster, codex_unlockable",Shrouded Dweller,,60000,1000,1,,graphics/icons/cargo/shrouded_thunderhead.png,ui_cargo_special_biotech_pickup,ui_cargo_special_bio_drop,com.fs.starfarer.api.campaign.impl.items.ShroudedHullmodItemPlugin,shrouded_thunderhead,"""This self-sustaining action produces massive energy differentials which are periodically discharged toward its, um, target. I'd never have said a storm could be evil, but now...""

- intercepted audio log, speaker unknown",451
Shrouded Mantle,shrouded_mantle,"monster, codex_unlockable",Shrouded Dweller,,100000,1000,1,,graphics/icons/cargo/shrouded_mantle.png,ui_cargo_special_biotech_pickup,ui_cargo_special_bio_drop,com.fs.starfarer.api.campaign.impl.items.ShroudedHullmodItemPlugin,shrouded_mantle,"""We can't store energy forever in this theoretical, pretend-plasma. It'll have to go somewhere.""

""-Invert the polarity of the flux converters and flicker the drive field. Boom, a gentle bump to local time-space. By which I mean the ship itself.""

""If it works.""",452
Shrouded Lens,shrouded_lens,"monster, codex_unlockable",Shrouded Dweller,,60000,1000,1,,graphics/icons/cargo/shrouded_lens.png,ui_cargo_special_biotech_pickup,ui_cargo_special_bio_drop,com.fs.starfarer.api.campaign.impl.items.ShroudedHullmodItemPlugin,shrouded_lens,"""Spin it up during combat maneuvers, adjusting the frequency of the 'probes' adapted from drive-field stabilizers. It would create hyperspace fractures which would cause terrible damage to n-space structures. Starships, for instance.""",453