name,id,tier,rarity,base value,range,damage/second,damage/shot,emp,impact,turn rate,OPs,ammo,ammo/sec,reload size,type,energy/shot,energy/second,chargeup,chargedown,burst size,burst delay,min spread,max spread,spread/shot,spread decay/sec,beam speed,proj speed,launch speed,flight time,proj hitpoints,autofireAccBonus,extraArcForAI,hints,tags,groupTag,tech/manufacturer,for weapon tooltip>>,primaryRoleStr,speedStr,trackingStr,turnRateStr,accuracyStr,customPrimary,customPrimaryHL,customAncillary,customAncillaryHL,noDPSInTooltip,number
Flare Launcher 1,flarelauncher1,,,,400,,10,100,,,,,0,,ENERGY,0,0,0,0.1,10,0.1,60,60,0,0,,150,300,3,500,,,SYSTEM,,,,,,,,,,,,,,,36
Seeker Flare Launcher,flarelauncher3,,,,500,,10,400,,,,,0,,ENERGY,0,0,0,0.1,3,0.1,90,90,0,0,,400,200,7,500,,,SYSTEM,,,,,,,,,,,,,,,38
Canister Flak,canister_flak,,,,200,,200,,,,,,0,,HIGH_EXPLOSIVE,0,0,0,0.1,5,0.5,150,150,0,0,,50,200,2,100,,,SYSTEM,,,,,,,,,,,,,,,35.5
Mote Launcher,motelauncher,,,,500,,1,1500,,,,,0,,ENERGY,0,0,0,0.1,1,,30,30,0,0,,400,200,10000,250,,,SYSTEM,,,,,,,,,,,,,,,38.25
Mote Launcher,motelauncher_hf,,,,500,,300,1500,,,,,0,,ENERGY,0,0,0,0.1,1,,30,30,0,0,,400,200,10000,250,,,SYSTEM,,,,,,,,,,,,,,,38.26
,,,,,,,,,,,,,,,,,,,,,,,,,,,,,,,,,,,,,,,,,,,,,,,,
Mining Blaster,miningblaster,0,,1000,500,,600,,0,7,10,,,,ENERGY,1200,,0,2,,,,,,,,1000,,,,,,,"energy12, base_bp, ind",,,,General,,,,,,,,,,22.125
Thumper,shredder,0,,700,700,,100,,1,25,9,60,5,20,FRAGMENTATION,30,,0,0.55,20,0.05,0,7,1,20,,800,,,30,,,,"kinetic8, base_bp, ind",,,,General,,,,,,,,,,3.8
,,,,,,,,,,,,,,,,,,,,,,,,,,,,,,,,,,,,,,,,,,,,,,,,
Pulse Laser,pulselaser,0,,1200,600,,100,,0,20,10,,,,ENERGY,110,,0.333333,0,,,,,,,,1000,,,,,,,"energy13, midline_bp, merc, ind",,,,General,,,,,,,,,,22
IR Pulse Laser,irpulse,0,,250,500,,50,,0,50,5,,,,ENERGY,50,,0.333333,0,,,,,,,,1000,,,,,,,"energy8, midline_bp, merc, ind",,,,General,,,,,,,,,,19.25
Gazer DEM SRM,gazer,1,,250,1200,,100,,15,30,5,6,,,KINETIC,0,,0,10,1,,0,0,0,0,,150,25,5,250,,,DO_NOT_AIM,"missile6, merc, rare_bp, damage_special, damage_soft_flux",,,,Suppression,Slow,Good,,,"The missile fires a graviton beam at the target, dealing approximately %s kinetic damage over the course of %s seconds. This damage is affected by missile damage modifiers and not energy weapon ones.",1000 | 10,,,TRUE,11.94
Gazer SRM Pod,gazerpod,1,,1300,1200,,100,,15,10,10,18,,,KINETIC,0,,0,9.5,2,0.5,0,0,0,0,,150,25,5,250,,,DO_NOT_AIM,"missile12, merc, rare_bp, damage_special, damage_soft_flux",,,,Suppression,Slow,Good,,,"Each missile fires a graviton beam at the target, dealing approximately %s kinetic damage over the course of %s seconds. This damage is affected by missile damage modifiers and not energy weapon ones.",1000 | 10,,,TRUE,12.21
    Gazer - Payload,gazer_payload,1,,0,1000,100,,,0,30,0,,,,KINETIC,0,,0.1,0.1,10,0.5,,,,,2400,,,,,,,SYSTEM,,,,,,,,,,,,,,,11.95
,,,,,,,,,,,,,,,,,,,,,,,,,,,,,,,,,,,,,,,,,,,,,,,,
Gorgon DEM SRM,gorgon,0,,250,1500,,1000,,15,30,5,2,,,ENERGY,0,,0,1,1,,0,0,0,0,,300,75,6,250,,,DO_NOT_AIM,"missile8, strike4, merc, rare_bp, damage_special, damage_soft_flux",,,,Assault / Finisher,Medium,Good,,,"The missile fires a high-powered laser when it gets near the target, dealing approximately %s energy damage in a short burst. This damage is affected by missile damage modifiers and not energy weapon ones.",1000,,,TRUE,11.9
Gorgon SRM Pod,gorgonpod,0,,1300,1500,,1000,,15,10,10,8,,,ENERGY,0,,0,9.5,2,0.5,0,0,0,0,,300,75,6,250,,,DO_NOT_AIM,"missile12, strike9, merc, rare_bp, damage_special, damage_soft_flux",,,,Assault / Finisher,Medium,Good,,,"The missile fires a high-powered laser when it gets near the target, dealing approximately %s energy damage in a short burst. This damage is affected by missile damage modifiers and not energy weapon ones.",1000,,,TRUE,12.2
    Gorgon - Payload,gorgon_payload,1,,0,700,1000,,,,30,0,,,,ENERGY,0,,0.05,0.25,0.9,0.5,,,,,1000000,,,,,,,"SYSTEM, DANGEROUS",fires_one_burst,,,,,,,,,,,,,,11.91
Hydra MDEM Launcher,hydra,1,,5000,2500,,1500,,50,10,20,10,,,ENERGY,,,0,10,1,,0,0,0,0,,300,75,7,400,,,"DO_NOT_AIM, CONSERVE_5","missile18, strike10, rare_bp, merc, damage_special, damage_soft_flux",,,,General,Medium,Excellent,,,The missile splits into %s submunitions which try to flank the target. Each one then fires a high-powered laser dealing approximately %s energy damage in a short burst. This damage is affected by missile damage modifiers and not energy weapon ones.,10 | 500,,,TRUE,16.05
    Hydra - Payload,hydra_payload,2,,0,700,500,,,,30,0,,,,ENERGY,0,,0.05,0.25,0.9,0.5,,,,,1000000,,,,,,,SYSTEM,,,,,,,,,,,,,,,16.06
,,,,,,,,,,,,,,,,,,,,,,,,,,,,,,,,,,,,,,,,,,,,,,,,
Swarmer SRM Launcher,swarmer,0,,250,1400,,75,,15,50,4,60,,,HIGH_EXPLOSIVE,0,,0,5,4,0.2,0,0,0,0,,300,100,5,50,,,"ANTI_FTR, DO_NOT_AIM, DO_NOT_CONSERVE","utility8, missile0, missile_bp, merc, ind",,,,Anti Small Craft,Fast,Excellent,,,,,,,,10
Swarmer SRM Launcher (Fighter),swarmer_fighter,1,,250,1400,,75,,5,50,4,2,0.075,,HIGH_EXPLOSIVE,0,,0,5,2,0.2,0,0,0,0,,300,100,5,50,,,"ANTI_FTR, DO_NOT_AIM, SYSTEM,DO_NOT_CONSERVE","utility8, missile0, show_in_codex",,,,Anti Small Craft (Fighter),Fast,Excellent,,,,,,,,10
Stinger-class Proximity Mine (Fighter),fragbomb,0,,100,500,,100,,10,0,1,2,0.1,,FRAGMENTATION,0,,0,1,1,,0,0,0,0,,50,20,7,150,,,"DO_NOT_AIM, ANTI_FTR, PD_ONLY, SYSTEM","he0, show_in_codex",,,,Anti Fighter (Fighter),,,,,,,,,TRUE,3.2
,,,,,,,,,,,,,,,,,,,,,,,,,,,,,,,,,,,,,,,,,,,,,,,,
Dragonfire DEM Torpedo,dragon,1,,2000,2000,,5000,,15,20,12,2,,,ENERGY,0,,0,5,1,,0,0,0,0,,150,0,12.5,600,,,"DO_NOT_AIM, STRIKE","strike8, missile3, merc, rare_bp, damage_special, damage_soft_flux",,,,Torpedo,Slow,Good,,,"The missile fires a high-powered laser when it gets near the target, dealing approximately %s energy damage in a short burst. This damage is affected by missile damage modifiers and not energy weapon ones.",5000,,,TRUE,12.11
Dragonfire Torpedo Pod,dragonpod,1,,7000,2000,,5000,,15,20,28,5,,,ENERGY,0,,0,15,1,,0,0,0,0,,150,0,12.5,600,,,"DO_NOT_AIM, STRIKE","strike18, missile15, merc, rare_bp, damage_special, damage_soft_flux",,,,Torpedo,Slow,Good,,,"The missile fires a high-powered laser when it gets near the target, dealing approximately %s energy damage in a short burst. This damage is affected by missile damage modifiers and not energy weapon ones.",5000,,,TRUE,16.01
    Dragonfire - Payload,dragon_payload,2,,0,1000,10000,,,,20,0,,,,ENERGY,0,,0,0.75,0.25,0.5,,,,,1000000,,,,,,,"SYSTEM, DANGEROUS",fires_one_burst,,,,,,,,,,,,,,12.12
Pilum LRM Launcher,pilum,0,,900,4000,,500,500,25,10,10,30,0.1,,HIGH_EXPLOSIVE,0,,0,15,3,0.4,0,0,0,0,,125,100,30,150,,,"DO_NOT_AIM, CONSERVE_1","utility13, missile7, missile_bp, merc, ind",,,,Long Range Support,Very Slow,Very Poor,,,"Second-stage hits on shields have a chance to arc through to weapons and engines, dealing %s EMP damage. The chance to pierce the shields is based on the target's hard flux level.",500,,,,12.5
Pilum LRM Catapult,pilum_large,0,,1500,4000,,500,500,25,10,20,30,0.33333,6,HIGH_EXPLOSIVE,0,,0,9,6,0.2,0,0,0,0,,125,200,30,150,,,"DO_NOT_AIM, DO_NOT_CONSERVE","utility15, missile14, rare_bp, merc, ind",,,,Long Range Support,Very Slow,Very Poor,,,"Second-stage hits on shields have a chance to arc through to weapons and engines, dealing %s EMP damage. The chance to pierce the shields is based on the target's hard flux level.",500,,,,15.5
,,,,,,,,,,,,,,,,,,,,,,,,,,,,,,,,,,,,,,,,,,,,,,,,
Breach SRM,breach,0,,200,1200,,150,,15,10,3,6,,,HIGH_EXPLOSIVE,0,,0,9,3,0.5,0,0,0,,,400,50,5,450,,,"DO_NOT_AIM, CONSERVE_ALL, CONSERVE_FOR_ANTI_ARMOR, DIRECT_AIM, MISSILE_SPREAD","missile7, base_bp, merc, ind",,,,Anti Armor,Fast,Good,,,Each missile deals an additional %s damage to armor. This damage is not reduced by armor.,250,,,TRUE,11.7
Breach SRM Pod,breachpod,0,,1200,1200,,150,,15,10,10,30,,,HIGH_EXPLOSIVE,0,,0,9,5,0.25,0,0,0,,,400,50,5,450,,,"DO_NOT_AIM, CONSERVE_ALL, CONSERVE_FOR_ANTI_ARMOR, DIRECT_AIM, MISSILE_SPREAD","missile13, rare_bp, merc, ind",,,,Anti Armor,Fast,Good,,,Each missile deals an additional %s damage to armor. This damage is not reduced by armor.,250,,,TRUE,12.25
,,,,,,,,,,,,,,,,,,,,,,,,,,,,,,,,,,,,,,,,,,,,,,,,
Antimatter Blaster,amblaster,2,0.7,900,400,,1400,,0,30,9,20,,,ENERGY,1500,,0.25,10,,,0,0,0,0,,1000,,,100,,,"STRIKE, USE_VS_FRIGATES, GROUP_ALTERNATING","strike10, rare_bp, hist1t, merc, ind",SR_strike_only,,,Strike,,,,,,,,,,19.75
,,,,,,,,,,,,,,,,,,,,,,,,,,,,,,,,,,,,,,,,,,,,,,,,
Heavy Mauler,heavymauler,2,0.3,2000,1000,,200,,10,20,12,,,,HIGH_EXPLOSIVE,200,,0,4.4,3,0.3,0,10,2,5,,900,,,30,,,,"he13, LR, remnant, rare_bp, merc, ind",,,,Anti Armor,,,,,,,,,,4.75
Assault Chaingun,chaingun,0,,1000,450,,75,,3,30,10,,,,HIGH_EXPLOSIVE,60,,0,0.15,1,,0,20,1,10,,800,,,30,,,,"he13, SR, lowtech_bp, midline_bp, merc, ind",,,,Anti Armor,,,,,,,,,,4.5
Heavy Mortar,heavymortar,0,,600,600,,110,,12,30,7,,,,HIGH_EXPLOSIVE,90,,0,0.7,2,0.3,0,20,5,5,,500,,,30,,,,"he11, SR, base_bp, merc, ind",,,,Anti Armor,,,,,,,,,,3.9
Light Mortar,lightmortar,0,,75,500,,75,,4,30,2,,,,HIGH_EXPLOSIVE,50,,0,1,1,,0,20,5,5,,500,,,10,,,,"he6, SR, base_bp, ind",,,,Anti Armor,,,,,,,,,,0.75
Light Assault Gun,lightag,0,,300,700,,40,,3,40,5,,,,HIGH_EXPLOSIVE,40,,0,0.25,1,,0,10,2,10,,800,,,30,,,,"he6, LR, lowtech_bp, midline_bp, merc, ind",,,,Anti Armor,,,,,,,,,,3
,,,,,,,,,,,,,,,,,,,,,,,,,,,,,,,,,,,,,,,,,,,,,,,,
Heavy Machine Gun,heavymg,1,,1200,450,,40,,3,40,10,,,,KINETIC,15,,0,0.2,4,0.1,0,5,1,15,,700,,,30,,,"PD,PD_ALSO","kinetic12, pd10, SR, midline_bp, merc, ind",,,,Point Defense,,,,,,,,,,3.85
Hypervelocity Driver,hveldriver,2,0.3,2250,1000,,220,400,40,10,13,,,,KINETIC,350,,0,2,1,,,,,,,1000,,,300,,,,"kinetic13, remnant, rare_bp, merc, ind",,,,Anti Shield,,,,,,,,,,5.5
Heavy Needler,heavyneedler,2,0.3,2500,800,,50,,1,15,15,,,,KINETIC,50,,0,4.55,30,0.05,1,10,0.5,5,,1200,,,10,,,,"kinetic13, remnant, rare_bp, hist1t, merc, ind",,,,Anti Shield,,,,,,,,,,5.75
,,,,,,,,,,,,,,,,,,,,,,,,,,,,,,,,,,,,,,,,,,,,,,,,
Arbalest Autocannon,arbalest,0,,800,700,,150,,10,12,8,,,,KINETIC,170,,0,1,1,,0,15,5,10,,800,,,30,,,,"kinetic10, base_bp, ind",,,,Anti Shield,,,,,,,,,,4.125
Heavy Autocannon,heavyac,0,,1000,800,,100,,10,7,10,,,,KINETIC,100,,0,1,3,0.2,0,18,3,10,,800,,,30,,,,"kinetic12, lowtech_bp, merc, ind",,,,Anti Shield,,,,,,,,,,5
Railgun,railgun,1,0.5,600,700,,100,,10,30,8,,,,KINETIC,90,,0.6,0,1,,,,,,,1000,,,50,,,,"kinetic10, remnant, rare_bp, hist1t, merc, ind",,,,Anti Shield,,,,,,,,,,3.75
Light Autocannon,lightac,0,,125,700,,50,,3,20,5,,,,KINETIC,40,,0,0.5,1,,0,20,3,9,,800,,,20,,,,"kinetic8, base_bp, ind",,,,Anti Shield,,,,,,,,,,2
Light Dual Autocannon,lightdualac,0,,300,700,,50,,3,20,6,,,,KINETIC,40,,0,0.6,2,0.1,0,20,3,9,,800,,,20,,,,"kinetic8, lowtech_bp, midline_bp, merc, ind",,,,Anti Shield,,,,,,,,,,2.5
Light Needler,lightneedler,2,0.3,800,700,,50,,1,20,8,,,,KINETIC,50,,0,4.3,15,0.05,0,10,0.66,5,,1200,,,10,,,,"kinetic10, remnant, rare_bp, hist1t, merc, ind",,,,Anti Shield,,,,,,,,,,3.65
,,,,,,,,,,,,,,,,,,,,,,,,,,,,,,,,,,,,,,,,,,,,,,,,
Storm Needler,multineedler,2,0.4,6500,800,,50,,20,15,28,,,,KINETIC,45,,0,0.1,,,0,10,0.5,10,,1200,,,20,,,,"kinetic19, remnant, rare_bp, hist1t, merc, ind",,,,Anti Shield,,,,,,,,,,8.5
Gauss Cannon,gauss,2,,5000,1200,,700,,300,3,25,,,,KINETIC,1200,,1,1,,,,,,,,1200,,,400,,,,"kinetic20, remnant, rare_bp, hist1t, merc, ind",,,,Anti Shield,,,,,,,,,,6
Mark IX Autocannon,mark9,0,,3000,900,,200,,20,10,18,,,,KINETIC,230,,0,2,4,0.1,0,15,2,10,,800,,,100,,,,"kinetic18, base_bp, merc, ind",,,,Anti Shield,,,,,,,,,,7.25
Mjolnir Cannon,mjolnir,1,0.4,6000,900,,400,200,10,25,24,,,,ENERGY,500,,0,0.75,1,,0,5,1,10,,900,,,75,,,,"energy18, he17, kinetic17, remnant, rare_bp, hist1t, merc, ind",,,,General,,,,,,,,,,7.5
,,,,,,,,,,,,,,,,,,,,,,,,,,,,,,,,,,,,,,,,,,,,,,,,
Annihilator Rocket Pod (Fighter),annihilator_fighter,0,,150,1500,,200,,5,30,4,7,,,HIGH_EXPLOSIVE,0,,0,0.1,1,,0,30,15,10,,500,50,3.75,50,,,SYSTEM,"rocket13, strike8, show_in_codex",,,,Anti Armor (Fighter),Fast,None,,,,,,,,11.1
Annihilator Rocket Launcher,annihilator,0,,150,1500,,200,,5,30,4,50,,,HIGH_EXPLOSIVE,0,,0,5,5,0.2,0,0,0,0,,500,50,3.75,50,,,CONSERVE_1,"rocket7, strike0, missile_bp, merc, ind",,,,Anti Armor,Fast,None,,,,,,,,11
Annihilator Rocket Pod,annihilatorpod,0,,1200,1500,,200,,5,30,10,100,,,HIGH_EXPLOSIVE,0,,0,0.5,1,,0,0,0,0,,500,50,3.75,50,,,,"rocket13, strike8, missile_bp, merc, ind",,,,Pressure,Fast,None,,,,,,,,12.33
,,,,,,,,,,,,,,,,,,,,,,,,,,,,,,,,,,,,,,,,,,,,,,,,
Ion Pulser,ionpulser,1,0.6,2250,450,,75,400,0,20,11,20,2,3,ENERGY,100,,0.05,0.05,3,0.1,3,20,1,4,,1000,,,,,,,"energy13, rare_bp, merc, ind",,,,Suppression,,,,,"Hits on hull or armor have a %s chance to arc to weapons and engines, dealing extra damage equal to the original hit.",25%,,,,22.75
Gigacannon,gigacannon,2,,10000,700,,4000,,0,5,25,10,,,ENERGY,4000,,1,9,,,0,0,0,0,,1000,,,,,,"STRIKE, USE_VS_FRIGATES, GROUP_ALTERNATING","strike18, no_drop_salvage, codex_unlockable",,Lion's Guard,,Strike,,,,,,,,,,28
Kinetic Blaster,kineticblaster,2,,5000,600,,250,,0,15,12,,,,KINETIC,450,,0,1,,,,,,,,1400,,,,,,,"kinetic11, no_drop_salvage, codex_unlockable",,Lion's Guard,,Anti Shield,,,,,,,,,,22.35
,,,,,,,,,,,,,,,,,,,,,,,,,,,,,,,,,,,,,,,,,,,,,,,,
Hellbore Cannon,hellbore,0,,3000,900,,750,,200,5,16,,,,HIGH_EXPLOSIVE,750,,0,3,1,,0,10,5,10,,500,,,400,,,,"he18, lowtech_bp, merc, ind",,,,Anti Armor,,,,,,,,,,8
Hephaestus Assault Gun,hephag,0,,4000,900,,120,,5,20,20,,,,HIGH_EXPLOSIVE,120,,0,0.25,1,,0,10,2,10,,800,,,50,,,,"he18, lowtech_bp, midline_bp, merc, ind",,,,Anti Armor,,,,,,,,,,7
Devastator Cannon,devastator,0,,3500,900,,150,,40,12,20,,,,HIGH_EXPLOSIVE,75,,0,2,6,0.1,5,30,5,5,,700,,,100,,,"PD,PD_ALSO","he15, pd17, lowtech_bp, merc, ind",,,,Anti Fighter (Area),,,,,"Each shell has a fuse set to explode at a random distance, resulting in a barrage that's increasingly more deadly at closer ranges.

Will target missiles if no other targets are in range.",,,,,7.4
,,,,,,,,,,,,,,,,,,,,,,,,,,,,,,,,,,,,,,,,,,,,,,,,
Plasma Cannon,plasma,2,,7500,700,,750,,,20,30,,,,ENERGY,1200,,0.33,1.01,3,0.33,,,,,,750,,,500,,,"STRIKE, USE_VS_FRIGATES","energy20, rare_bp, hist1t, merc, ind",,,,General,,,,,The targeting system is incapable of tracking fighters when on local/automatic control.,,,,,23
Autopulse Laser,autopulse,0,,4500,700,,150,,0,20,20,20,2,,ENERGY,125,,0.05,0.05,1,,0,10,1,5,,1000,,,,,,,"energy18, hightech_bp, merc, ind",,,,General,,,,,,,,,,25
Thermal Pulse Cannon,tpc,0,,100000,1000,,250,,0,0,,20,1,,ENERGY,200,,0,0.2,1,,0,10,2,5,,1000,,,,,,"SYSTEM,SHOW_IN_CODEX",,TPC_only,,,General,,,,,,,,,,40
,,,,,,,,,,,,,,,,,,,,,,,,,,,,,,,,,,,,,,,,,,,,,,,,
Tactical Laser,taclaser,0,,200,1000,75,,,0,20,4,,,,ENERGY,,75,0.1,0.1,,,,,,,2400,,,,,,,,"beam9, LR, hightech_bp, midline_bp, merc, ind",,,,General,,,,,,,,,,18
LR PD Laser,lrpdlaser,1,,400,800,50,,,0,100,5,,,,ENERGY,,40,0,0.25,,,,,,,3600,,,,,,,PD,"pd7, beam5, hightech_bp, midline_bp, merc, ind",,,,Point Defense,,,,,,,,,,19.5
PD Laser,pdlaser,0,,200,400,75,,,0,100,4,,,,ENERGY,,50,0,0.25,,,,,,,2400,,,,,,,PD,"pd7, beam7, SR, hightech_bp, midline_bp, merc, ind",,,,Point Defense,,,,,,,,,,17
Mining Laser,mininglaser,0,,100,600,30,,,0,40,2,,,,ENERGY,,35,0,0.25,,,,,,,2400,,,,,,,PD,"beam0, energy0, pd0, base_bp, ind",,,,Point Defense,,,,,,,,,,16.5
Heavy Burst Laser,heavyburst,1,,2000,600,400,,,0,60,11,3,0.5,,ENERGY,,600,0.1,0.1,0.3,0.1,,,,,10000,,,,,,,"PD,ANTI_FTR, IGNORES_FLARES","pd15, beam10, rare_bp, merc, ind",,,,Point Defense,,,,,Advanced built-in targeting sensors enable the weapon to identify decoy flares and not fire on them.,decoy flares,,,,22.5
Burst PD Laser,pdburst,1,,600,500,300,,,0,100,7,2,0.5,,ENERGY,,350,0.1,0.1,0.3,0.1,,,,,10000,,,,,,,"PD,ANTI_FTR","pd9, beam6, rare_bp, merc, ind",,,,Point Defense,,,,,,,,,,19.6
Paladin PD System,guardian,1,0.5,5000,750,500,,,0,75,22,20,1,,ENERGY,,750,0,0,0.2,0.1,,,,,1000000,,,,,,,"PD, ANTI_FTR","pd19, beam15, rare_bp, merc, ind",,,,Point Defense,,,,,"When all sub-beams impact a target in close proximity to each other, the spalling effect produces an explosion that deals up to 100 points of fragmentation damage to other nearby targets.",100 | fragmentation,,,,26
,,,,,,,,,,,,,,,,,,,,,,,,,,,,,,,,,,,,,,,,,,,,,,,,
Graviton Beam,gravitonbeam,1,,1500,1000,100,,,0,15,9,,,,KINETIC,,100,0.1,0.1,,,,,,,2400,,,,,,,,"beam12, LR, midline_bp, merc, ind",,,,Suppression,,,,,,,,,,21
IR Autolance,irautolance,0,,1200,1000,500,,,0,50,10,40,2,10,FRAGMENTATION,,200,0,0,0.1,0,,,,,1000000,,,,,,,USE_LESS_VS_SHIELDS,"beam12, LR, midline_bp, merc",,,,General,,,,,,,,,,21.5
Phase Lance,phasebeam,0,,1500,600,1000,,,0,20,10,,,,ENERGY,,1200,0.25,0.5,1,4,,,,,3200,,,,,,,,"energy14, beam10, rare_bp, merc, ind",,,,General,,,,,,,,,,20
High Intensity Laser,hil,0,,4500,1000,250,,,0,5,20,,,,HIGH_EXPLOSIVE,,250,0.1,0.1,,,,,,,2400,,,,,,,,"beam20, LR, midline_bp, merc, ind",,,,Anti Armor,,,,,,,,,,24
Ion Beam,ionbeam,1,0.5,2500,1000,50,,400,0,15,12,,,,ENERGY,,150,0.1,0.1,,,,,,,2400,,,,,,,FIRE_WHEN_INEFFICIENT,"beam14, LR, rare_bp, hist1t, merc, ind",,,,Suppression,,,,,"Hits on hull or armor periodically arc to weapons and engines, dealing extra EMP and energy damage. Hits on shields have a chance to generate a shield-penetrating arc based on the target's hard flux level.",,,,,22.85
Tachyon Lance,tachyonlance,2,0.5,8000,1000,1500,,1000,0,7,30,,,,ENERGY,,2000,0.5,1,1,5,,,,,10000,,,,,,,FIRE_WHEN_INEFFICIENT,"energy20, beam18, LR, rare_bp, hist1t, merc, ind",,,,Suppression,,,,,"Hits on hull or armor frequently arc to weapons and engines, dealing extra EMP and energy damage. Hits on shields have a chance to generate a shield-penetrating arc based on the target's hard flux level.",,,,,27
,,,,,,,,,,,,,,,,,,,,,,,,,,,,,,,,,,,,,,,,,,,,,,,,
Light Machine Gun,lightmg,0,,100,300,,25,,1,50,3,,,,KINETIC,3,,0,0.4,5,0.1,0,5,1,15,,600,,,10,,,PD,"pd6, kinetic3, SR, base_bp, ind",,,,Point Defense,,,,,,,,,,0.5
Light Dual Machine Gun,lightdualmg,1,,400,300,,25,,1,50,5,,,,KINETIC,3,,0,0.2,5,0.1,0,5,1,15,,600,,,10,,,PD,"pd7, kinetic4, SR, lowtech_bp, merc, ind",,,,Point Defense,,,,,,,,,,0.7
Vulcan Cannon,vulcan,0,,200,250,,15,,1,75,4,,,,FRAGMENTATION,2,,0,0.05,1,,0,15,1,15,,800,,,10,,,PD,"pd7, SR, lowtech_bp, merc, ind",,,,Point Defense,,,,,,,,,,1
,,,,,,,,,,,,,,,,,,,,,,,,,,,,,,,,,,,,,,,,,,,,,,,,
Reaper-class Torpedo,reaper,0,,200,1200,,4000,,75,10,2,1,,,HIGH_EXPLOSIVE,0,,0,5,1,,0,0,0,0,,400,100,3.5,500,,,STRIKE,"strike8, rocket3, missile_bp, merc, ind",,,,Torpedo,Fast,None,,,,,,,TRUE,9
Typhoon Reaper Launcher,typhoon,0,,1200,1200,,4000,,75,20,10,6,,,HIGH_EXPLOSIVE,0,,0,15,1,,0,0,0,0,,400,100,3.5,500,,,STRIKE,"strike13, rocket8, missile_bp, merc, ind",,,,Torpedo,Fast,None,,,,,,,TRUE,14
Cyclone Reaper Launcher,cyclone,1,,5000,1500,,4000,,75,20,26,20,,,HIGH_EXPLOSIVE,0,,0,15,2,1,0,0,0,0,,400,100,3.5,500,,,STRIKE,"strike18, rocket14, rare_bp, merc, ind",,,,Torpedo,Fast,None,,,,,,,TRUE,15
Atropos-class Torpedo Rack,atropos,1,0.5,600,1200,,1000,,40,10,3,2,,,HIGH_EXPLOSIVE,0,,0,1,1,,0,0,0,0,,500,150,4,300,,,GUIDED_POOR,"strike9, missile1, missile_bp, merc, ind, reload_3pt",,,,Torpedo,Fast,Good,,,,,,,TRUE,9.5
Atropos-class Torpedo (Single),atropos_single,1,0.5,300,1200,,1000,,40,10,1,1,,,HIGH_EXPLOSIVE,0,,0,1,1,,0,0,0,0,,500,150,4,300,,,GUIDED_POOR,"strike7, missile0, base_bp, ind, reload_1_and_a_half_pt",,,,Torpedo,Fast,Good,,,,,,,TRUE,9.75
,,,,,,,,,,,,,,,,,,,,,,,,,,,,,,,,,,,,,,,,,,,,,,,,
Hammer-class Torpedo,hammer,0,,150,1200,,1500,,30,10,2,2,,,HIGH_EXPLOSIVE,0,,0,1,1,,0,0,0,0,,500,40,4,350,,,STRIKE,"strike6, rocket2, base_bp, ind",,,,Torpedo,Fast,None,,,,,,,TRUE,9.8
Hammer-class Torpedo (Single),hammer_single,0,,75,1200,,1500,,30,10,1,1,,,HIGH_EXPLOSIVE,0,,0,1,1,,0,0,0,0,,500,40,4,350,,,STRIKE,"strike5, rocket1, base_bp, ind",,,,Torpedo,Fast,None,,,,,,,TRUE,9.9
Jackhammer,jackhammer,0,,1000,1200,,1500,,30,20,6,6,,,HIGH_EXPLOSIVE,0,,0,9.5,3,0.25,10,10,0,0,,500,40,4,350,,,STRIKE,"strike10, rocket5, ind, missile_bp, merc",,,,Torpedo,Fast,None,,,,,,,TRUE,13.75
Hammer Barrage,hammerrack,0,,1250,1200,,1500,,30,10,20,20,,,HIGH_EXPLOSIVE,0,,0,5,4,0.15,0,0,0,0,,500,40,4,350,,,STRIKE,"strike16, rocket14, missile_bp, merc, ind",,,,Torpedo,Fast,None,,,,,,,TRUE,16.4
,,,,,,,,,,,,,,,,,,,,,,,,,,,,,,,,,,,,,,,,,,,,,,,,
Salamander MRM,heatseeker,0,,225,2000,,500,750,15,30,5,,,,FRAGMENTATION,0,,0,25,1,,0,0,0,,,400,50,15,150,,,"DO_NOT_AIM, HEATSEEKER","utility13, missile0, missile_bp, merc, ind",,,,Anti Engine,Fast,Excellent,,,,,,,TRUE,11.25
Salamander MRM Pod,salamanderpod,0,,1200,2000,,500,750,15,10,10,,,,FRAGMENTATION,0,,0,25,2,0.25,0,0,0,,,400,50,15,150,,,"DO_NOT_AIM, HEATSEEKER","utility13, missile_bp, merc, ind",,,,Anti Engine,Fast,Excellent,,,,,,,TRUE,12.32
,,,,,,,,,,,,,,,,,,,,,,,,,,,,,,,,,,,,,,,,,,,,,,,,
Harpoon MRM,harpoon,0,,200,4000,,750,,15,30,5,3,,,HIGH_EXPLOSIVE,0,,0,1,1,,0,0,0,,,300,100,12.5,150,,,DO_NOT_AIM,"missile8, strike3, missile_bp, merc, ind",,,,Finisher,Medium,Medium,,,,,,,TRUE,11.5
Harpoon MRM (Double),harpoon_single,0,,100,4000,,750,,15,30,2,2,,,HIGH_EXPLOSIVE,0,,0,10,1,,0,0,0,,,300,100,12.5,150,,,DO_NOT_AIM,"missile6, strike1, base_bp, ind",,,,Finisher,Medium,Medium,,,,,,,TRUE,11.6125
Harpoon MRM Pod,harpoonpod,0,,1200,4000,,750,,15,10,10,12,,,HIGH_EXPLOSIVE,0,,0,8.25,2,0.25,0,0,0,,,300,100,12.5,150,,,DO_NOT_AIM,"missile12, strike9, missile_bp, merc, ind",,,,Finisher,Medium,Medium,,,,,,,TRUE,12
,,,,,,,,,,,,,,,,,,,,,,,,,,,,,,,,,,,,,,,,,,,,,,,,
Sabot SRM,sabot,0,,200,1200,,100,,15,30,5,3,,,KINETIC,0,,0,1,1,,0,0,0,0,,150,50,8,300,,,GUIDED_POOR,"missile8, strike2, missile_bp, merc, ind",,,,Anti Shield,Slow,Poor,,,"Submunition hits on hull or armor have a %s chance to arc to weapons and engines, dealing %s EMP damage.",25% | 400,,,TRUE,11.75
Sabot SRM (Double),sabot_single,0,,100,1200,,100,,15,30,2,2,,,KINETIC,0,,0,10,1,,0,0,0,0,,150,50,8,300,,,GUIDED_POOR,"missile6, strike0, base_bp, ind",,,,Anti Shield,Slow,Poor,,,"Submunition hits on hull or armor have a %s chance to arc to weapons and engines, dealing %s EMP damage.",25% | 400,,,TRUE,11.85
"Sabot SRM (Single, Fighter)",sabot_fighter,0,,100,1200,,100,,15,30,1,1,,,KINETIC,0,,0,1,1,,0,0,0,0,,150,50,8,300,,,"GUIDED_POOR, SYSTEM","missile6, strike0, show_in_codex",,,,Anti Shield (Fighter),Slow,Poor,,,"Submunition hits on hull or armor have a %s chance to arc to weapons and engines, dealing %s EMP damage.",25% | 400,,,TRUE,11.85
Sabot SRM Pod,sabotpod,0,,1200,1200,,100,,15,10,10,12,,,KINETIC,0,,0,8.75,2,0.25,0,0,0,0,,150,50,8,300,,,GUIDED_POOR,"missile13, strike8, rare_bp, merc, ind",,,,Anti Shield,Slow,Poor,,,"Submunition hits on hull or armor have a %s chance to arc to weapons and engines, dealing %s EMP damage.",25% | 400,,,TRUE,12.31
,,,,,,,,,,,,,,,,,,,,,,,,,,,,,,,,,,,,,,,,,,,,,,,,
Proximity Charge Launcher,phasecl,2,,1500,1000,,500,,25,30,12,50,,,HIGH_EXPLOSIVE,0,,0,2,1,,0,0,0,0,,100,200,12,250,,,ANTI_FTR,"utility8, rare_bp, merc, ind",,,,Pressure / Anti Fighter,Very Slow,None,,,"Not affected by missile speed, acceleration, and flight time modifiers.",,,,TRUE,13
Proximity Charge Launcher (Fighter),phasecl_bomber,1,,1500,2000,,500,,25,30,12,6,,,HIGH_EXPLOSIVE,0,,0,1.5,1,,0,0,0,0,,100,200,12,250,,,"SYSTEM,STRIKE,BOMB","rocket15, strike10, show_in_codex",,,,Strike (Fighter),Very Slow,None,,,,,,,TRUE,13.5
Standard Bomb Bay,bomb,1,,200,2000,,400,,50,15,4,10,,,HIGH_EXPLOSIVE,0,,0,0.67,1,,20,20,0,0,,170,20,25,150,,,"STRIKE, BOMB","he0, no_sell, no_drop, no_drop_salvage",,,,Strike,,,,,,,,,TRUE,3.5
,,,,,,,,,,,,,,,,,,,,,,,,,,,,,,,,,,,,,,,,,,,,,,,,
Squall MLRS,squall,1,,4000,2500,,250,200,15,20,20,100,,,KINETIC,0,,0,5,20,0.5,0,0,0,0,,600,100,4.75,300,,,"DO_NOT_AIM, CONSERVE_3, STRIKE, MISSILE_SPREAD","missile19, strike15, rare_bp, merc, ind",,,,Suppression,Very Fast,Special,,,,,,,,16.2
Hurricane MIRV Launcher,hurricane,0,,4500,2500,,500,,50,10,25,10,,,HIGH_EXPLOSIVE,0,,0,15,1,,0,0,0,0,,250,50,12,350,,,"DO_NOT_AIM, CONSERVE_5, STRIKE","missile18, strike15, rare_bp, hist1t, merc, ind",,,,Finisher,Medium,Good,,,,,,,TRUE,16
Locust SRM Launcher,locust,1,,4000,1400,,100,,5,30,18,600,,,HIGH_EXPLOSIVE,0,,0,10,30,0.1,0,0,0,0,,300,100,5,60,,,"ANTI_FTR, DO_NOT_AIM, DO_NOT_CONSERVE","utility18, missile15, rare_bp, hist1t, merc, ind",,,,Anti Small Craft,Fast,Excellent,,,,,,,,16.3
Flak Cannon,flak,0,,1000,500,,100,,10,40,8,,,,FRAGMENTATION,50,,0,1,1,,0,10,2,10,,700,,,30,,,PD,"pd13, SR, lowtech_bp, merc, ind",,,,Point Defense (Area),,,,,,,,,,4
Dual Flak Cannon,dualflak,1,,1400,400,,75,,10,60,12,,,,FRAGMENTATION,50,,0,0.33,1,,0,10,2,10,,700,,,30,,,PD,"pd15, SR, remnant, rare_bp, merc, ind",,,,Point Defense (Area),,,,,,,,,,4.25
,,,,,,,,,,,,,,,,,,,,,,,,,,,,,,,,,,,,,,,,,,,,,,,,
Ion Cannon,ioncannon,1,,500,500,,25,400,0,40,6,,,,ENERGY,80,,0.5,0,,,,,,,,1000,,,,,,,"energy8, hightech_bp, merc, ind",,,,Suppression,,,,,"Hits on hull or armor have a %s chance to arc to weapons and engines, dealing extra damage equal to the original hit.",25%,,,,19
"Ion Cannon (High Delay, Fighter)",ioncannon_fighter,1,,500,500,,25,400,0,40,6,,,,ENERGY,80,,0.5,0.5,,,,,,,,1000,,,,,,SYSTEM,"energy8, show_in_codex",,,,Suppression (Fighter),,,,,"Hits on hull or armor have a %s chance to arc to weapons and engines, dealing extra damage equal to the original hit.",,,,,19.1
Heavy Blaster,heavyblaster,1,,2500,600,,500,,0,15,12,,,,ENERGY,720,,0,1,,,,,,,,1000,,,,,,,"energy14, rare_bp, hist1t, merc, ind",,,,General,,,,,,,,,,22.25