name,id,designation,tech/manufacturer,system id,fleet pts,hitpoints,armor rating,max flux,8/6/5/4%,flux dissipation,ordnance points,fighter bays,max speed,acceleration,deceleration,max turn rate,turn acceleration,mass,shield type,defense id,shield arc,shield upkeep,shield efficiency,phase cost,phase upkeep,min crew,max crew,cargo,fuel,fuel/ly,range,max burn,base value,cr %/day,CR to deploy,peak CR sec,CR loss/sec,supplies/rec,supplies/mo,c/s,c/f,f/s,f/f,crew/s,crew/f,hints,tags,logistics n/a reason,codex variant id,rarity,breakProb,minPieces,maxPieces,travel drive,number
,attack_swarm,Swarm,Threat,,,1000,1,1000,,200,0,,250,400,400,150,300,10,NONE,,0,0,0,,,0,0,,,,,,,,,,,,,,,,,,,,"threat_swarm_ai, swarm_fighter, threat",,,,0,,,,120
,,,,,,,,,,,,,,,,,,,,,,,,,,,,,,,,,,,,,,,,,,,,,,,,,,,,,,,
#,Welcome back,our king,,,,,,,,,,,,,,,,,,,,,,,,,,,,,,,,,,,,,,,,,,,,,,,,,,,,,
Onslaught Mk.I,onslaught_mk1,Battleship,Domain Restricted,combat_burn,40,30000,1500,15000,dur,500,300,,20,8,8,4,4,4000,NONE,,0,0,0,,,0,0,700,800,10,80,7,600000,5,10,,,50,50,,,,,,,SHIP_WITH_MODULES,"no_auto_penalty, codex_unlockable, no_dealer",,,,0.4,2,4,,500.5
,module_onslaught_armor_left,Vambrace Module,Domain Restricted,,1,20000,1200,0,dur,100,0,,0,0,0,10,10,300,NONE,,0,0,0,,,0,0,0,0,1,0,,500000,,1,,,0,0,,,,,,,"UNBOARDABLE, HIDE_IN_CODEX, MODULE",module_hull_bar_only,,,,1,2,4,,2241
,module_onslaught_armor_right,Vambrace Module,Domain Restricted,,1,20000,1200,0,dur,100,0,,0,0,0,10,10,300,NONE,,0,0,0,,,0,0,0,0,1,0,,500000,,1,,,0,0,,,,,,,"UNBOARDABLE, HIDE_IN_CODEX, MODULE",module_hull_bar_only,,,,1,2,4,,2242