{
	"combatSmallForSmallFleet":{
		#"brawler_tritachyon_Standard":5,
		#"brawler_tritachyon_Assault":5,
	},
	"combatSmall":{
		"monitor_Overdriven":0,
		
		#"brawler_tritachyon_Standard":5,
		#"brawler_tritachyon_Assault":5,
	},
	"combatMedium":{
		#"shrike_Support":5,
		#"shrike_Attack":5,
		#"shrike_Assault":2,
		
		"enforcer_Fighter_Support":0,
		"snowball_PD":10,
	},
	"combatFreighterLarge":{
		"apogee_Balanced":10,
	},
	"combatLarge":{
		"gryphon_Overdriven":0,
		"champion_Overdriven":0,
		"grendel_Overdriven":0,
		"dominator_Overdriven":0,
		
		"dominator_Fighter_Support":0,
		
		#"fury_Attack":5,
		#"fury_Support":5,
		#"fury_Strike":2,
		
		#"brilliant_Standard":4,
		#"brilliant_Support":3,
		#"brilliant_FS":2,
		#"brilliant_Overdriven":1,
		
		"apogee_Balanced":2, #removed from default ship roles as a combat ship due to shift in nature
	},
	"phaseMedium":{
		#"harbinger_Elite":1, #added as a surprise factor
	},
}