name,id,flux/second,f/s (base rate),f/s (base cap),flux/use,f/u (base rate),f/u (base cap),cr/u,max uses,regen,charge up,active,down,cooldown,toggle,noDissipation,noHardDissipation,hardFlux,noFiring,noTurning,noStrafing,noAccel,noShield,noVent,isPhaseCloak,tags,icon
Recall Device,recalldevice,,,,,,0.5,,,,0.5,,0.5,1,,,,,,,,,,,,,graphics/icons/hullsys/recall_device.png
Termination Sequence,drone_strike,,,,1000,,,,,,0,0.05,0.2,5,,,,,,,,,,,,offensive,graphics/icons/hullsys/termination_sequence.png
,,,,,,,,,,,,,,,,,,,,,,,,,,,
Canister Flak,canister_flak,,,,,,,,2,0.025,,,,6,,,,,,,,,,,,defensive,graphics/icons/hullsys/canister_flak.png
Flare Launcher,flarelauncher,,,,,,,,5,,,,,10,,,,,,,,,,,,defensive,graphics/icons/hullsys/flare_launcher.png
Active Flare Launcher,flarelauncher_active,,,,,,0.1,,,,,,,10,,,,,,,,,,,,defensive,graphics/icons/hullsys/active_flare_launcher.png
,,,,,,,,,,,,,,,,,,,,,,,,,,,
Reserve Deployment,reservewing,,,,,,0.5,,,,0.1,,3,30,,,,,,,,,,,,offensive,graphics/icons/hullsys/reserve_deployment.png
,,,,,,,,,,,,,,,,,,,,,,,,,,,
Phase Teleporter,phaseteleporter,,,,,,,,,,0.25,0,0.25,20,,,,TRUE,,,,,,,,movement,graphics/icons/hullsys/teleport.png
,,,,,,,,,,,,,,,,,,,,,,,,,,,
Phase Skimmer,displacer,,,,,,,,,,0.5,,0.5,10,,TRUE,,TRUE,,,,,,,,movement,graphics/icons/hullsys/displacer.png
Degraded Phase Skimmer,displacer_degraded,,,,,,,,,,0.5,,0.5,13.333,,TRUE,,TRUE,,,,,,,,,graphics/icons/hullsys/skimmer_degraded.png
,,,,,,,,,,,,,,,,,,,,,,,,,,,
Mine Strike,mine_strike,,,,,,0.1,,5,0.1,0.25,,0.25,0,,,,,,,,,,,,offensive,graphics/icons/hullsys/mine_strike.png
Mine Strike,mine_strike_station,,,,,,0,,7,0.167,0.25,,0.25,0,,,,,,,,,,,,offensive,graphics/icons/hullsys/station_mine_strike.png
,,,,,,,,,,,,,,,,,,,,,,,,,,,
Lidar Array,lidararray,1,,,,,,,,,3.25,10,1,20,,,,,,,,,,,,offensive,graphics/icons/hullsys/lidar_barrage.png
,,,,,,,,,,,,,,,,,,,,,,,,,,,
Orion Device,orion_device,,,,,,,,4,0.1,0,0.001,0,1,,,,,,,,,,,,movement,graphics/icons/hullsys/orion_drive.png
Nova Burst,nova_burst,,,,,,,,2,0.05,0.5,0.001,0,1,,,,,,,,,,,,movement,graphics/icons/hullsys/nova_burst.png
,,,,,,,,,,,,,,,,,,,,,,,,,,,
Plasma Burn,microburn,1,,,,,,,2,0.1,0.5,1,0.5,,,,,,,,TRUE,TRUE,,,,movement,graphics/icons/hullsys/plasma_burn.png
,,,,,,,,,,,,,,,,,,,,,,,,,,,
Burn Drive,burndrive,1,,,,,,,,,2,10,1,10,TRUE,,,,,TRUE,TRUE,TRUE,TRUE,,,movement,graphics/icons/hullsys/burn_drive.png
Combat Burn,combat_burn,1,,,,,,,,,1,,1,0,TRUE,,,,,TRUE,TRUE,TRUE,TRUE,,,movement,graphics/icons/hullsys/combat_burn.png
,,,,,,,,,,,,,,,,,,,,,,,,,,,
Maneuvering Jets,maneuveringjets,,,,,,,,,,2,10,2,10,,,,,,,,,,,,movement,graphics/icons/hullsys/maneuvering_jets.png
Plasma Jets,plasmajets,,,,,,,,,,2,6,4,10,,,,,,,,,,,,movement,graphics/icons/hullsys/plasma_jets.png