name,id,demand class,base price,export value,price variability,utility,origin,tags,stack size,cargo space,icon,sound id,sound id drop,order,economyTier,econUnitOrigUnused,econUnit,baseRaidDanger,eU * base value,iconWidthMult,plugin,desc
Survey Data,survey_data,survey_data,10000,,0,1,,"nonecon, hide_in_codex",1000,1,graphics/icons/cargo/survey_data.png,ui_chip_pickup,ui_modspec_drop,50,,,,,,1,,
,,,,,,,,,,,,,,,,,,,,,,
Supplies,supplies,supplies,20,250,3,1,,"military, expensive",1000,1,graphics/icons/cargo/supplies.png,ui_cargo_supplies,ui_cargo_supplies_drop,0.5,2.1,200,750,,15000,1,,
Fuel,fuel,fuel,10,750,3,1,,military,1000,0,graphics/icons/cargo/fuel.png,ui_cargo_fuel,ui_cargo_fuel_drop,0.75,2,500,1500,,15000,0.6,,
Crew,crew,crew,50,0,4,1,,"crew, personnel",1000,0,graphics/icons/cargo/crew02.png,ui_cargo_crew,ui_cargo_crew_drop,0.8,3.1,200,500,,25000,0.6,,
Marines,marines,marines,150,0,4,1,,"marines, military, personnel",1000,0,graphics/icons/cargo/marine.png,ui_cargo_marines,ui_cargo_marines_drop,0.9,3.4,200,500,,75000,0.6,,
,,,,,,,,,,,,,,,,,,,,,,
,,,,,,,,,,,,,,,,,,,,,,
Food,food,food,20,1000,5,1,,food,1000,1,graphics/icons/cargo/food.png,ui_cargo_food,ui_cargo_food_drop,13,1,500,500,,10000,1,,
Organics,organics,organics,30,500,4,1,,,1000,1,graphics/icons/cargo/organics.png,ui_cargo_organics,ui_cargo_organics_drop,12,0,500,500,,15000,1,,
Volatiles,volatiles,volatiles,15,5000,3,1,,expensive,1000,1,graphics/icons/cargo/volatilesB.png,ui_cargo_volatiles,ui_cargo_volatiles_drop,11,1.2,100,1000,,15000,1,,
Ore,ore,ore,10,1500,4,1,,,1000,1,graphics/icons/cargo/ore.png,ui_cargo_ore,ui_cargo_ore_drop,10,0.2,500,500,,5000,1,,
Transplutonic Ore,rare_ore,rare_ore,75,2000,4,1,,expensive,1000,1,graphics/icons/cargo/rareore.png,ui_cargo_rareore,ui_cargo_rareore_drop,9,0.3,200,200,,15000,1,,
Metals,metals,metals,30,3000,4,1,,,1000,1,graphics/icons/cargo/materials.png,ui_cargo_metals,ui_cargo_metals_drop,8,1.1,500,500,,15000,1,,
Transplutonics,rare_metals,rare_metals,200,6000,4,1,,expensive,1000,1,graphics/icons/cargo/raremetals.png,ui_cargo_raremetals,ui_cargo_raremetals_drop,7,1.2,100,100,,20000,1,,
Heavy Machinery,heavy_machinery,heavy_machinery,150,500,5,1,,expensive,1000,1,graphics/icons/cargo/heavymachinery.png,ui_cargo_machinery,ui_cargo_machinery_drop,0.95,2.2,100,100,,15000,1,,
Domestic Goods,domestic_goods,domestic_goods,50,300,4,1,,,1000,1,graphics/icons/cargo/goods.png,ui_cargo_goods,ui_cargo_goods_drop,5,2.3,200,200,,10000,1,,
,,,,,,,,,,,,,,,,,,,,,,
Harvested Organs,organs,organs,300,2000,5,1,,"medical, expensive",1000,1,graphics/icons/cargo/organs.png,ui_cargo_organs,ui_cargo_organs_drop,4,2.4,200,200,HIGH,60000,0.7,,
Recreational Drugs,drugs,drugs,200,1500,5,1,,expensive,1000,1,graphics/icons/cargo/recdrugs.png,ui_cargo_drugs,ui_cargo_drugs_drop,3,2.5,200,100,HIGH,40000,0.75,,
Heavy Armaments,hand_weapons,hand_weapons,150,500,3,1,,military,1000,1,graphics/icons/cargo/heavyweapons.png,ui_cargo_handweapons,ui_cargo_handweapons_drop,2,2.6,100,500,HIGH,75000,1,,
Luxury Goods,luxury_goods,luxury_goods,100,500,6,1,,"luxury, expensive",1000,1,graphics/icons/cargo/luxurygoods.png,ui_cargo_luxury,ui_cargo_luxury_drop,1,2.7,200,500,,50000,1,,
Volturnian Lobster,lobster,luxury_goods,,,,1,volturn,"exotic, luxury, expensive, codex_unlockable",1000,1,graphics/icons/cargo/lobster.png,ui_cargo_volturn_lobster,ui_cargo_volturn_lobster_drop,1.1,2.8,200,100,,,1,,