{
	"starSystem":"algebbar",
	"markets":[
		{
			"entities":["epiphany"],
			"faction":"luddic_path",
			"size":6,
			"startingConditions":[
				#"cottage_industry",
				"luddic_majority",
				"population_6",
				"no_atmosphere",
				"low_gravity",
				"ore_sparse",
				"volatiles_trace",
				"cold",
			],
			"industries":[
				"population",
				"megaport",
				"waystation",
				"mining",
				"lightindustry",
				"orbitalstation_mid",
				"grounddefenses",
				"militarybase",
			],
		},
	],
}



