{
	"starSystem":"eos",
	"markets":[
		{
			"entities":["tartessus"],
			"faction":"luddic_church",
			"size":7,
			"startingConditions":[
				#"rural_polity",
				"luddic_majority",
				#"cottage_industry",
				#"arid",
				"population_7",
				"habitable",
				"ore_sparse",
				"organics_trace",
				"farmland_adequate",
				#"autofac_heavy_industry",
			],
			"industries":[
				"population",
				"farming",
				"spaceport",
				"lightindustry",
				"heavybatteries",
				"orbitalstation",
			],
		},
		{
			"entities":["baetis"],
			"faction":"independent",
			"size":5,
			"freePort":true,
			"startingConditions":[
				#"dissident",
				#"hydroponics_complex",
				#"spaceport",
				#"military_base",
				"population_5",
				"volatiles_plentiful",
				"low_gravity",
				"thin_atmosphere",
			],
			"industries":[
				"population",
				"spaceport",
				"heavybatteries",
				"militarybase",
				#"commerce",
			],
		},
		{
			"entities":["hesperus"],
			"faction":"luddic_church",
			"size":5,
			"startingConditions":[
				#"cottage_industry",
				"luddic_majority",
				#"ore_complex",
				#"organics_complex",
				#"ice",
				"population_5",
				"organics_abundant",
				"rare_ore_moderate",
				"ore_abundant",
				"thin_atmosphere",
				"cold",
				#"military_base",
			],
			"industries":[
				"population",
				"spaceport",
				"lightindustry",
				"mining",
				"grounddefenses",
				#"heavybatteries",
				"militarybase",
				"orbitalstation",
			],
		},
#		{
#			"entities":["ceyx"],
#			"faction":"luddic_church",
#			"size":4,
#			"startingConditions":[
#				"headquarters",
#				"luddic_majority",
#				"military_base",
#				"population_4",
#				"no_atmosphere",
#				"low_gravity",
#				"volatiles_trace",
#			],
#		},		
	],


}



