id,type,text1,text2,text3,text4,text5,notes
lightmortar_fighter,WEAPON,"An antiquated weapon that launches anti-armor rounds at a low rate of fire, muzzle velocity, and range. Low flux buildup is the lone saving grace.",,,,,
warthog,SHIP,"Boasting superb armor with firepower to match, the Warthog is capable of trading blows with larger ships, but lacks shield-breaking weapons. An accelerated ammo feed increases its initial damage. Allowing it to rip and tear enemies ill-prepared for its arrival.",,,,,
,,,,,,,
miningblaster,WEAPON,"The miner's best friend, this weapon can deliver pulverizing bolts of energy at medium range, albeit at extreme cost in flux.",,,,,
,,,,,,,
mine_strike,SHIP_SYSTEM,Teleports a heavy phase mine to the target area. The mine will slowly track nearby enemy ships and explodes a few seconds after its proximity trigger is activated. Can be used while phased.,Offensive,Teleports a heavy proximity mine to the target area. Each mine deals 4000 High Explosive damage in an area. Can be used while phased.,4000 High Explosive,"Each mine deals {{4000 High Explosive}} damage in a large area, and can be deployed from a range of approximately {{1000}} su.",
mine_strike_station,SHIP_SYSTEM,Teleports a heavy phase mine to the target area. The mine will slowly track nearby enemy ships and explodes a few seconds after its proximity trigger is activated.,Offensive,Teleports a heavy proximity mine to the target area. Each mine deals 4000 High Explosive damage in an area.,4000 High Explosive,"Each mine deals {{4000 High Explosive}} damage in a large area, and can be deployed from a range of approximately {{3500}} su.",
entropyamplifier,SHIP_SYSTEM,"Temporarily increases the damage taken by the target ship (not shields). Generates a significant amount of flux when used.

The duration of the effect is in the reference frame of the source ship; if it phases or otherwise experiences an altered time rate, the duration of the effect will be likewise affected for outside observers.",Offensive,Increases the damage taken by the target ship (not shields). Generates a significant amount of flux when used.,,The target ship takes {{50%}} more damage from all sources.,