id,type,text1,text2,text3,text4,notes
planet_marko,CUSTOM,"Marko's a world that used to be very big but was subsequently destroyed during the AI Wars. It was nowhere near as big as Jangala or Eochu Bres in terms of population, let alone infrastructure. But it was substantial enough to emit a loud scream upon its extinguishment. Hegemony later came back to reclaim the planet. So that its corpse would not become desecrated by scavengers or pirates.",,"Ancient seas of Marko are beautiful in nature. Containing local wildlife which had adapted to the harsh bombardment that occurred. Weird ring-like microbial lifeforms completely alien to that of Terran constructs patrol the infinite depths. Assisted by luminescent orange constructs. That form grievous balls of creepy underwater dust. Rolling ahead. If one is not careful, they might fall into one and be devoured in its weight. Not literally. But choked to death at least.",,
planet_kathryn,CUSTOM,"The distant location of Kathryn is a Hegemony penal colony controlled from the location of Marko, and if such is unavailable, further away. Intervention here is forbidden. And there is nothing to find here anyway.",,"Small defensive locations can be seen from above within the convoluted clouds. However they turn out to be mere random signatures. Wherever the element of evil can be found, it is so incredibly hidden that one could confuse it with myth. In fact nothing ever comes out of this world. Not a whisper. With many still discussing its existence like that of a conspiracy theory involving evil aliens being responsible for the creation of blue lobsters on Volturn.",,
planet_new_bebop,CUSTOM,"New Bebop was given to Luddic Church as a gift for participation in the AI Wars, among other things. The colony was settled by relatively unhinged faithful who have formed progressive sects operating advanced equipment to sustain themselves in the unforgiving landscape of the toxic world. CGR is judgemental, but they understand that life here would be impossible otherwise. The question is more often than not, why was this place chosen for settlement in the first place.",,"Thick shields generated by nuclear reactors create a barrier against the harsh winds and temperatures operating outside. This massive structure hummed and crafted. The mathematics of it powered like a creation of an unhinged scientist doing something just because they could. So close to power. The Luddic faithful observed in muted awe as they existed from time to time here. But mostly in different places. Just in case it all breaks randomly.

This specific location. A shrine of sorts albeit of no real importance was built on top of a gigantic mountain. Twenty kilometres tall. The dead tectonic activity of the planet has concluded with the concentration of all its potency on a singular location. Pushing up and up in slightly lower than recommended gravity.",,
planet_bromium,CUSTOM,Bromium was once a penal colony that had quite a lot of political dissidents. After Marko was destroyed. Most of the personnel and convicts have successfully been evacuated. But some strange chunk has remained. And to this day they move around the ruins that cover the planet. Sparse albeit visible. And the people who guard them... Not much is known.,,,,
#planet_naibiria,CUSTOM,,,,,
,,,,,,
planet_gagner,CUSTOM,,,,,
planet_memory,CUSTOM,,,,,
station_twelve,CUSTOM,,,,,
,,,,,,
planet_denyza,CUSTOM,,,,,
planet_maronia,CUSTOM,,,,,
planet_gangregis_khan,CUSTOM,,,,,
,,,,,,
planet_vaanita,CUSTOM,Vaanita once lied as an establishment that resisted against the main movement of the Luddic Church. However it was quickly decimated in recent times in order to discourage further secession. The planet was left to its own volition ironically however. Due to the fact that it did not have conditions worth continuing. Taken over by criminals sooner or later. To this day it remains as a moderate hive of villainy.,,"Modern habitats built by ancient Luddic knowhows. Well, obviously not that ancient. Lie in fields of barren territories. Large defensive structures look up in search of adversaries. With local comms buzzing in training of new unlawful militias to parody the status quo.",,
,,,,,,
planet_gumbat,CUSTOM,Harsh however comfortable world of Gumbat has suffered extensively in the past. Unsustainable government model eventually ended with the whole planet being bought out by a swarm of corporate investors serving the Tri-Tachyon cause. Modern climate is that of ads. Consumptionism. Dread of possible political continuations. And other such phenomena.,,"The upper cities which bask in the invisible light of the comically named star Cappuccino are nice to be around. As they are vast, light but looking like those of Old Earth ancient cities of locations of forgotten Europe. Or at least the memories of it.

But those are merely tourist locations. Larger balloons and by extension cities hang lower below in acidic rains. Enclosed and pointless. The majority of the population lives on such. In perpetual darkness.",,
gumball_station,CUSTOM,"Erected by Tri-Tachyon, the powerful Robyn Tropobserver observes intently the unforgiving darkness. Expecting pirates to arrive any moment. This tower was named after a relatively infamous TT scientist who had died a painful death during AI Wars. One of the many crimes committed by Hegemony which were swiftly swept under the rug.",,,,
planet_grabuz,CUSTOM,The gas giant serves as one of the extremely few locations of inhabiting such in the Persean Sector. The population of Grabuz has apparently gone rogue. Originally loyal to some corporate conglomerate. Debts it had were declared null and by extension it has become a lawless state to an extent. And has since existed as such.,,"Dimly lit locales seemed nice to be around. Several armed people could be seen around walking in the shadows. There was a tiny shop with not safe for work materials in it. Right next to a convenience store. Very few people lived here. The government of Grabuz is chaotic. It's a congregation of what one could call tribes. That would band together when threatened to strike someone, but only on the planet itself. As there was no stellar military to operate. There were trade convoys, obviously. As for everyone. But they were sparse and built from people who wanted money rather than felt belonging to any sort of common identity the planet might posses. But in spite of that one could feel... Such emanating. The lack of care was part of it.",,
,,,,,,
planet_bourbon,CUSTOM,"Bourbon was harassed by a mercenary group of some kind in an unspecified time in the past. That eventually culminated with the planet being bombed into nothing. The merc group dispersed with no guilty ever being found. Before that it was a hub of Luddic belief. But after, it was repopulated by people from all over the place. Eventually losing its identity and then pledging itself to Persean League out of fear of being demolished once again.",,"Harsh radiation and pollution from decaying infrastructure, most of it stuck under the sea. Money was never sent to clean this up. But it would still be impossible. Kazeron beams its propaganda onto this world in hopes of keeping its clutches on it. But the reality is that most of its population believes it has taken an awful deal necessary for survival. But in the end what they receive is still quite nothing. The local polity is extremely panicked about all the occurrences around and within.

The cities of the peaceful utopia planet are known to harbour works of art quite beyond the understanding of standard Persean Sector people. Of fish with human faces. And women with fish bodies. No one really understands what it means or why it was made in the first place. Because the original populous that made it was terminated.",,
planet_boboon,CUSTOM,Boboon is a boring moon that was once intended to become a hub of industry. But this obviously never came to fruition as visible in the present. Presumably.,,,,
station_onion_ring,CUSTOM,"Built by an unknown group of people in the times before the Collapse. The Derakh Sanctuary, called that, is of unknown purpose. Whatever could point towards it was stripped, archived and then said archive was destroyed.",,,,
,,,,,,
planet_yendore,CUSTOM,"Yendore used to be a major polity before the Collapse. However during the chaos that ensued, a large part of its population has migrated towards the Core Worlds. What was left was a population that was eventually bombed by an unknown political entity that has since that occurrence seemingly vanished from the pages of the Persean Sector.",,"Tall towers sometimes exist on the surface of the planet. But they lie mostly abandoned and poorly maintained. Majority of the population lives in what amounts to holes in the ground. They are however quite luxurious. Long markets and cosy establishments exist among concentrations of swarms of dorms networked by an illogically complex air pumping infrastructure and cables that form a rather zealous cybersphere.

Yendore has a mostly democratic government. But popular conspiracy theories talk of it being in actuality controlled by a Kazeron-housed elite. Poor development of the planet is apparently tied to the fact that all the income from its businesses is pumped into something existing out there. But logical beliefs point to the fact that Yendore is simply a distant and vulnerable world. And whoever lives here and makes it, would rather move somewhere else.",,
planet_arbakan,CUSTOM,Recently settled Arbakan. Recently as in after the AI Wars. Was quickly reinforced by an unspecific corporate cooperative group to provide protection for the local vicinity. The operations of this planet are enshrouded in moderate mystery. In reality nothing really of substance occurs here except minor investigations of hyperspace phenomena.,,Fortified structures operate on the surface of Arbakan. Tiny arcologies observe vigilantly the sky which has a dim albeit still potent sunlight arrive from far far away. The local polity is utilitarian and threatening. People have to adjust to their brute philosophy of politeness or be kicked out. Media is not free. And no one gets to truly speak their mind. Only adjust to the harsh rules dictated by the militia.,,
,,,,,,
planet_null,CUSTOM,,,,,
planet_fameless,CUSTOM,,,,,
,,,,,,
#planet_sutr,CUSTOM,,,,,
#planet_norvia,CUSTOM,,,,,
,,,,,,
planet_corb,CUSTOM,Dense hydrogen rich atmosphere creates a devastating greenhouse effect that leads to surface temperatures reaching several hundred degrees Celsius. Vast oceans were supposedly to include biological life which ceased some Domain-era development. However these have been proven to be entirely false. Limited interest continued due to the Collapse.,,,,
planet_egdir,CUSTOM,Edgir is a terrifying Jupiter-mass ice giant that causes extensive disruption through the planetary system of Isirah. Ice giant is also a misleading term. As the planet is in actuality a water giant of immense potency.,,,,
planet_kolasis,CUSTOM,Very dense atmosphere leads to the surface being locked in perpetual darkness even in the glaring light of the planet's primary. The planet according to recent post-Collapse scientific analysis possesses a vast ocean uninterrupted for an unbelievable long period of time that may or may not posses alien life. This has not been however investigated at all due to lacklustre investment.,,,,
planet_ankhothi,CUSTOM,Not an ice giant per say. Ankhothi has migrated deeper into the planetary systems. Warming into a temperate climate slowly. Over a few thousand years. The planet will transition from a standard ice giant into a water giant.,,,,
planet_semonia,CUSTOM,The ice giant is of almost habitable temperatures if not for an atmospheric composition highly hostile to human presence. The green tint of the planet itself as well as suspicious magnetic fields have not yet been explained by limited post-Collapse scientific backbone. And the perpetually anti-intellectual culture of Askonia's authoritarianism has made any inquiry dangerous.,,,,
planet_morn,CUSTOM,"The lesser ice giant lacks hydrostatic equilibrium. Bending and forming an elipsoid shape not represented in standard simplifications of stellar space for the sake of comprehensible stellar travel display. The environment of Morn is highly exotic, poor gravity leads to strangely moving masses that coalesce into incomprehensive works of art. The planet's core is also spilling into the outer atmosphere and back. Travelling as devastating shards that may be highly dangerous to any long-term settlement established here.",,,,
planet_og,CUSTOM,Og possesses inexplicable tectonic activity and ambient temperatures. It formed a key element in the terraformation of Gilead. As it was the main reason for the fact that its core was still highly active and generating a useful magnetic field. Chemicals found on Og served to stimulate growth of Terran-analogues on the planet.,,,,
planet_astrae,CUSTOM,Astrae's highly exotic chemical composition leads to its almost blood-like colour. The planet is often a target for vast tourism when Eos experiences times of tranquillity. Rarely however from Luddic pilgrims due to its supposed evil nature. Many holovids were made here. Horror ones. It is a place of consumptionism and pride. Which eclipses apparently its artistic value to the faithful.,,,,
planet_naphtali,CUSTOM,Naphtali was intended to be one of the main volatile harvesting facilities of the Persean Sector. Lacklustre presence of Gilead. As well as its reluctance for industrial development and support of nearby projects due to Luddic Church interference. Has led to the colony not surviving past the Collapse.,,,,
planet_adityas,CUSTOM,Once presumed to be the hiding spot of the legendary philosopher John Carmine. The planet was searched extensively by a group of fanatical scavengers. They discovered nothing. The planet was then never talked about again.,,,,
planet_chimalma,CUSTOM,Chimalma is a remnant of a gas giant that ventured towards the primary. Extreme winds stripped it completely. Remaining behind this figment.,,,,
