{
	"starSystem":"magec",
	"markets":[
		{
			"entities":["new_maxios"],
			"faction":"independent",
			"size":5,
			"startingConditions":[
				#"hydroponics_complex",
				"population_5",
				#"ore_moderate",
				#"hot",
				"irradiated",
			],
			"industries":[
				"population",
				"spaceport",
				#"mining",
				"lightindustry",
				"orbitalstation",
				"grounddefenses",
				#"commerce",
				["orbitalworks", "corrupted_nanoforge"],
				"patrolhq",
			],
		},
		{
			"entities":["kantas_den"],
			"faction":"pirates",
			"size":4,
			"freePort":true,
			"startingConditions":[
				#"organized_crime",
				#"stealth_minefields",
				"ore_moderate",
				"population_4",
				#"very_hot",
				"irradiated",
			],
			"industries":[
				"population",
				"spaceport",
				"mining",
				"heavybatteries",
				"battlestation",
			],
		},
		{
			"entities":["tibicena", "achaman_enterprise_station"],
			"faction":"tritachyon",
			"size":5,
			"freePort":true,
			"startingConditions":[
				"population_5",
				"tectonic_activity",
				"no_atmosphere",
				"high_gravity",
				"ore_rich",
				"rare_ore_rich",
				"hot",
			],
			"industries":[
				"population",
				"megaport",
				"mining",
				"grounddefenses",
				"patrolhq",
				"orbitalstation",
				#"commerce",
			],
		},		
	],


}



