{
	"starSystem":"samarra",
	"markets":[
		{
			"entities":["tigra_city"],
			"faction":"hegemony",
			"size":4,
			"startingConditions":[
				#"hydroponics_complex",
				#"dissident",
				#"orbital_station",
				"population_4",
			],
			"industries":[
				"population",
				"spaceport",
				"orbitalstation",
				"lightindustry",
			],
		},
		{
			"entities":["eventide"],
			"faction":"hegemony",
			"size":7,
			"startingConditions":[
				#"twilight",
				#"spaceport",
				#"light_industrial_complex",
				#"rural_polity",
				#"volatiles_complex",
				"population_7",
				"habitable",
				"farmland_adequate",
				"organics_trace",
				"ore_abundant",
				"rare_ore_abundant",
				"volatiles_abundant",
				"poor_light",
				"solar_array"
				#"regional_capital",
			],
			"industries":[
				"population",
				"farming",
				#"spaceport",
				["spaceport", "fullerene_spool"],
				"lightindustry",
				"mining",
				"heavybatteries",
				"patrolhq",
				"planetaryshield",
				#"commerce",
			],
		},
		{
			"entities":["orthrus"],
			"faction":"independent",
			"size":4,
			"startingConditions":[
				"population_4",
				"volatiles_diffuse",
				"ore_sparse",
				"thin_atmosphere",
				"cold",
			],
			"industries":[
				"population",
				"spaceport",
				"mining",
				"patrolhq",
			],
		},
		{
			"entities":["sphinx"],
			"faction":"hegemony",
			"size":5,
			"startingConditions":[
				#"ore_complex",
				#"spaceport",
				"population_5",
				"low_gravity",
				"no_atmosphere",
				"cold",
			],
			"industries":[
				"population",
				"spaceport",
				"fuelprod",
				"heavybatteries",
				"militarybase",
			],
		},
	],


}



