id,rating,detection_range,type,autoXP,xpDiscover,xpSalvage,tags,drop_value,drop_random,defFaction,defQuality,probDefenders,minStr,maxStr,minSize,maxSize,probStation,stationRole
coronal_tap,0,3500,DISCOVERABLE,200,5000,20000,,,,omega,1,1,240,240,3,4,,
,,,,,,,,,,,,,,,,,,
derelict_probe,0.25,1700,DISCOVERABLE,700,500,1500,,basic:5000,"ai_cores1:3,
extended:1x3000",derelict,0,0.5,18,30,,1,,
derelict_survey_ship,0.5,2700,DISCOVERABLE,1200,2000,6000,,basic:15000,"ai_cores2:5,
ai_cores3:1,
extended:3x5000,
rare_tech_low:2",derelict,0.5,0.5,42,60,,3,,
derelict_mothership,1,3500,DISCOVERABLE,2200,5000,20000,,basic:75000,"ai_cores3:5,
extended:5x15000,
rare_tech_mothership:1",derelict,1,1,90,120,,3,1,derelictMothership