commodity,group,freq
nothing,goods,7
,,
nothing,extended,10
,,
nothing,mining_bulk,10
,,
nothing,hab_bulk,10
,,
nothing,ai_cores3,1000
,,
nothing,ai_cores2,1000
,,
nothing,ai_cores1,1000
,,
nothing,rem_frigate,100
,,
nothing,rem_destroyer,100
,,
nothing,rem_cruiser,100
,,
nothing,rem_capital,100
,,
nothing,rem_weapons1,36
,,
nothing,rem_weapons2,41
,,
nothing,high_weapons1,25
,,
nothing,high_weapons2,30
,,
nothing,low_weapons1,25
,,
nothing,low_weapons2,30
,,
nothing,weapons1,35
,,
nothing,weapons2,40
,,
nothing,rare_tech,75%
,,
nothing,rare_tech_low,95%