id,type,text1,text2,text3,text4,text5,notes
#lightmortar_fighter,WEAPON,"An antiquated weapon that launches anti-armor rounds at a low rate of fire, muzzle velocity, and range. Low flux buildup is the lone saving grace.",,,,,
#warthog,SHIP,"Boasting superb armor with firepower to match, the Warthog is capable of trading blows with larger ships, but lacks shield-breaking weapons. An accelerated ammo feed increases its initial damage. Allowing it to rip and tear enemies ill-prepared for its arrival.",,,,,
warthog,SHIP,"Boasting superb armor with firepower to match, the Warthog is capable of trading blows with larger ships, but lacks shield-breaking weapons. A decoy flare launcher helps draw fire away from its more vulnerable allies.",,,,,
,,,,,,,
miningblaster,WEAPON,"The miner's best friend, this weapon can deliver pulverizing bolts of energy at medium range, albeit at extreme cost in flux.",,,,,
reaper,WEAPON,"An unguided torpedo of devastating yield with a powerful on-board engine.

The quintessential strike weapon, a single Reaper torpedo is a large self-propelled, armored, unguided delivery system for an enriched AM-catalyzed nuclear warhead. The science behind the surprisingly compact detonator is poorly understood in the Sector though widely speculated to be based on physics classified as secret by Domain authority. What is known is that three or four of these slipping through PD arcs are enough to destroy even the largest capital ship.",,,,,
reaper_single,WEAPON,An unguided torpedo of devastating yield with a powerful on-board engine.,,,,,
atropos_single,WEAPON,"A single advanced, guided torpedo. The payload is smaller than usual to make room for the advanced guidance package and maneuvering system's reaction mass.",,,,,
,,,,,,,
snowball,SHIP,"Enforcer was a ship commonly killed en masse during the AI Wars. In fact one of the most killed ones. The crews of which were decimated over and over in concentrated missile attacks from all directions. The most insane thought was to learn how to recycle these dead wrecks into something more useful than machinery and supplies. So, here we are.",,,,,
radiant,SHIP,"A remnant of the autonomous AI fleets developed by the Tri-Tachyon Corporation. Illegal under Domain (and Hegemony) law, and an abomination to the Church of Galactic Redemption, the First AI War saw these creations purged from the Sector. So the official histories say.

The Radiant battleship was an outrageous blue-sky design created by some naval architecture unit given special indulgence by a Tri-Tach VP's bloated grandiosity. Both the official and existing unofficial histories of the First AI War never mention this class of ship ever being produced because an integrated phase teleporter could never be stable on a ship of such size. Surely it would explode into an infinity of curiously whorled short-lived child-dimensions upon initiation of the first skip. 

Nonetheless, here it is.",,,,,
centurion,SHIP,"A solid heavy combat frigate, the Centurion can be counted upon to fill and hold gaps in the line of battle, as per the Domain-era doctrine practiced by the successor-state of the XIV Battlegroup.

The Centurion is valued for its versatility due to an abundance of hybrid weapon slots and an integrated Fortress Shield that allows it to shrug off the fearsome firepower it is sure to face in combat.",,,,,
,,,,,,,
phasecl,WEAPON,"Deploys low-velocity proximity charges with an impressive blast radius. Especially devastating against fighters, but also effective vs armored targets.",,,,,
,,,,,,,
wasp,SHIP,"Fast and nimble, Wasp drones typically outnumber and easily swarm enemy fighter formations while their Stinger mines prevent stragglers from getting through. Faced with point-defense weaponry, their fragility begins to tell.",,,,,
#mining_drone,SHIP,"Sturdy and uncrewed, the Mining Pod can provide a bit of a distraction and a bit of fire support, and not much else.",,,,,
,,,,,,,
drone_strike,SHIP_SYSTEM,"Supercharges one of the Terminator drones with a brief energy transfer. The drone tracks a nearby target like a missile, dealing massive damage on impact.",Offensive,"Supercharges one of the Terminator drones and sends it after a target. The drone deals 1000 Energy damage and 500 EMP damage on impact, and charging it generates 1000 flux.",1000 Energy | 1000 EMP | 500,Each drone deals {{1000 Energy}} damage and {{500 EMP}} damage on impact.,
temporalshell,SHIP_SYSTEM,"Speeds up the flow of time on board the ship. Generates a significant amount of flux when used.

Research on prolonged exposure to the effect was described as 'worrying' and quietly halted.",Special,Speeds up the flow of time on board the ship. Generates a significant amount of flux when used.,,Time passes at up to {{two}} times the normal rate on board the ship.,
entropyamplifier,SHIP_SYSTEM,"Temporarily increases the damage taken by the target ship. Generates a significant amount of flux when used.

The duration of the effect is in the reference frame of the source ship; if it phases or otherwise experiences an altered time rate, the duration of the effect will be likewise affected for outside observers.",Offensive,Increases the damage taken by the target ship. Generates a significant amount of flux when used.,,The target ship takes {{25%}} more damage from all sources.,
fortressshield,SHIP_SYSTEM,"Redirects all power from the weapon systems to shields, greatly increasing the efficiency at which damage is absorbed. This process generates hard flux at a steady rate even if the shields are not taking any fire.",Defensive,"Reduces the damage taken by shields to a minimum, but generates hard flux while active.",,The ship's shields take {{80%}} reduced damage.,
damper,SHIP_SYSTEM,Briefly activates an energy field that mitigates incoming damage at the cost of disabling weapons and shields.,Defensive,Briefly activates an energy field that mitigates incoming damage at the cost of disabling weapons and shields.,,"Reduces all damage taken by {{75%}} for frigates and destroyers, and by {{67%}} for larger ships.",
,,,,,,,
forgevats,SHIP_SYSTEM,A fixed architecture nanforge system which allows rapid conversion of pre-formulated feedstock into missile ammunition during battle.,Special,Replenishes some missile ammunition when used and generates a large amount of flux.,,"The amount of missiles reloaded is equal to the base ammo capacity of each weapon, before any modifiers from skills or hullmods.",
,,,,,,,
aurora,SHIP,"The Aurora-class cruiser is a technological marvel, uncommon among contemporary warfleets. Among the fastest and most maneuverable cruisers in the Sector.

One can only wonder what the Domain Armada could accomplish with a fleet of these sleek, asymmetric, and eminently effective vessels. The shields are backed up by hyper-advanced flux dissipation systems installed throughout the hull, giving the Aurora a deep flux pool.

Most blueprints required to manufacture Aurora-class ships are closely guarded corporate secrets, but a few have also seen service in Tri-Tachyon fleets and, rarely, may be found in the fleets of enterprising mercenary captains.",,,,,
,,,,,,,
drone_pd_midline,SHIP,Ancient heavily modified for deep space operations PD drone designated for providing symbolic coverage to its automated brethren.,,,,,