name,id,tier,rarity,base value,range,damage/second,damage/shot,emp,impact,turn rate,OPs,ammo,ammo/sec,reload size,type,energy/shot,energy/second,chargeup,chargedown,burst size,burst delay,min spread,max spread,spread/shot,spread decay/sec,beam speed,proj speed,launch speed,flight time,proj hitpoints,autofireAccBonus,extraArcForAI,hints,tags,groupTag,tech/manufacturer,for weapon tooltip>>,primaryRoleStr,speedStr,trackingStr,turnRateStr,accuracyStr,customPrimary,customPrimaryHL,customAncillary,customAncillaryHL,noDPSInTooltip,number
Heavy Mass Driver,heavy_mass_driver,0,,6000,800,,200,,40,15,13,,,,KINETIC,210,,0,1,1,,,,,,,900,,,,,,,"threat, restricted, codex_unlockable, kinetic14, LR",,Threat,,Anti Shield,,,,,,,,,,18
Light Mass Driver,light_mass_driver,0,,3000,700,,90,,10,30,9,,,,KINETIC,90,,0,0.6,1,,,,,,,900,,,,,,,"threat, restricted, codex_unlockable, kinetic8, LR",,Threat,,Anti Shield,,,,,,,,,,17.5
,,,,,,,,,,,,,,,,,,,,,,,,,,,,,,,,,,,,,,,,,,,,,,,,
Voidblaster,voidblaster,,,7000,700,,240,,0,15,14,12,1,2,HIGH_EXPLOSIVE,200,,0,0.25,,,10,10,0,10,,5000,,,,,,,"threat, restricted, codex_unlockable, he12",,Threat,,Anti Armor,,,,,"Deals %s damage to shields, despite not being a beam weapon.",soft flux,,,,19.5
Neoferric Quadcoil,neoferric_quadcoil,0,,10000,900,,150,,10,30,20,,,,HIGH_EXPLOSIVE,200,,0,4.3,8,0.1,,,,,,900,,,,,,,"threat, restricted, codex_unlockable, he17",,Threat,,Anti Armor,,,,,,,,,,18.5
,,,,,,,,,,,,,,,,,,,,,,,,,,,,,,,,,,,,,,,,,,,,,,,,
Voltaic Discharge,voltaic_discharge,0,,2000,500,,15,50,0,0,5,20,2,20,ENERGY,50,,0,0.2,1,,,,,,,10000,,,,,360,"PD, DO_NOT_AIM, RANGE_FROM_TARGETING_OVAL","threat, fragment, fragment_glow, restricted, codex_unlockable, pd1, energy7",,Threat,,Point Defense,,,,Perfect,Requires the %s hullmod and at least %s active fragments. Fires a barrage of EMP arcs at nearby targets. The arcs always hit.,Fragment Swarm|10,,,,16
Voltaic Cannon,voltaic_cannon,0,,5000,800,,150,500,0,50,3,2,0.01667,1,ENERGY,1000,,0.5,0,,,,,,,,300,,,,,,"STRIKE, USE_LESS_VS_SHIELDS","threat, restricted, codex_unlockable, energy7, strike3",,Threat,,Suppression,,,,,Hits on hull or armor generate a large number of EMP arcs. Hits on shields have a chance to generate shield-penetrating EMP arcs based on the target's hard flux level.,,,,TRUE,19