{
	"id":"unofficial_balance_patch",
	"name":"Unbalance Patch",
	"author":"Krill",
	"version":"2A-a",
	"description":"it's simple. We phase the Batman",
	"gameVersion":"0.98a-RC8",
	
		"replace": [
			"data/characters/skills/carrier_group.skill",
			"data/characters/skills/fighter_uplink.skill",
			"data/characters/skills/hypercognition.skill",
			"data/characters/skills/phase_corps.skill",
			"data/characters/skills/industrial_planning.skill",
			
			"data/weapons/proj/miningblaster_shot.proj",
			"data/weapons/proj/squall_rocket.proj",
			
			"data/weapons/gazer_payload.proj",
			"data/weapons/gravitonbeam.proj",
			
			"data/variants/fighters/claw_Fighter.variant",
			"data/variants/fighters/gladius_Fighter.variant",
			"data/variants/fighters/thunder_Fighter.variant",
			"data/variants/fighters/warthog_Fighter.variant",
			"data/variants/fighters/piranha_Bomber.variant",
			"data/variants/fighters/broadsword_Fighter.variant",
			"data/variants/remnant/lux_Fighter.variant",
			
			"data/hulls/skins/eagle_LG.skin",
			"data/hulls/skins/falcon_LG.skin",
			"data/hulls/skins/sunder_LG.skin",
			"data/hulls/skins/executor.skin",
			
			"data/hulls/onslaught.ship",
			"data/hulls/odyssey.ship",
			"data/hulls/lasher.ship",	
			#"data/hulls/drover.ship",
			#"data/hulls/grendel.ship",
			
			"data/hulls/colossus.ship",
			"data/hulls/colossus2.ship",
			"data/hulls/colossus3.ship",

			"data/variants/remnant/brilliant_Standard.variant",
			"data/variants/remnant/brilliant_Support.variant",
			"data/variants/remnant/fulgent_Assault.variant",
			"data/variants/remnant/fulgent_Support.variant",

			"data/variants/drover_Starting.variant",
			"data/variants/drover_Strike.variant",
			"data/variants/drover_Support.variant",
			
			#"data/variants/grendel_Assault.variant",
			#"data/variants/grendel_Support.variant",
			
			"data/variants/legion/legion_xiv_Automated.variant",
			"data/variants/onslaught/onslaught_mk1_Ancient.variant",
			
			"data/variants/gemini_Standard.variant",
			"data/variants/apogee_Balanced.variant",
			"data/variants/falcon/falcon_Attack.variant",
			#"data/variants/harbinger/harbinger_Strike.variant",
		],
}
