id,rating,detection_range,type,autoXP,xpDiscover,xpSalvage,tags,drop_value,drop_random,defFaction,defQuality,probDefenders,minStr,maxStr,minSize,maxSize,probStation,stationRole
coronal_tap,0,3500,DISCOVERABLE,200,5000,20000,,,,omega,1,1,240,240,3,4,,
,,,,,,,,,,,,,,,,,,
derelict_probe,0.25,1700,DISCOVERABLE,700,500,1500,,basic:5000,"ai_cores1:3,
extended:1x3000",derelict,0,0.5,18,30,,2,,
derelict_survey_ship,0.5,2700,DISCOVERABLE,1200,2000,6000,,basic:15000,"ai_cores2:5,
ai_cores3:1,
extended:3x5000,
rare_tech_low:2",derelict,0.5,0.5,42,60,,3,,
derelict_mothership,1,3500,DISCOVERABLE,2200,5000,20000,,basic:75000,"ai_cores3:5,
extended:5x15000,
rare_tech_mothership:1",derelict,1,1,90,120,,3,1,derelictMothership
,,,,,,,,,,,,,,,,,,
limbo_mining_station,0,,,,,,not_a_custom_entity,machinery:10000,,derelict,0,1,70,100,,3,,
,,,,,,,,,,,,,,,,,,
limbo_wormhole_cache,0,,,,,,not_a_custom_entity,,,derelict,0.5,1,120,140,,4,,
,,,,,,,,,,,,,,,,,,
supply_cache,0,1700,DISCOVERABLE,200,,,no_debris,supply:16000,,,,,,,,,,
supply_cache_small,0,1200,DISCOVERABLE,200,,,no_debris,supply:6000,,,,,,,,,,
,,,,,,,,,,,,,,,,,,
weapons_cache,0,1700,DISCOVERABLE,200,,,no_debris,,"weapons2:20,
any_hullmod_low:3,
weapon_bp:3,
fighter_bp:3",,,,,,,,,
weapons_cache_remnant,0,1700,DISCOVERABLE,200,,,no_debris,,"rem_weapons2:20,
any_hullmod_low:3,
weapon_bp:3,
fighter_bp:3",,,,,,,,,
weapons_cache_low,0,1700,DISCOVERABLE,200,,,no_debris,,"low_weapons2:20,
any_hullmod_low:3,
weapon_bp:3,
fighter_bp:3",,,,,,,,,
weapons_cache_high,0,1700,DISCOVERABLE,200,,,no_debris,,"high_weapons2:20,
any_hullmod_low:3,
weapon_bp:3,
fighter_bp:3",,,,,,,,,