name,id,demand class,base price,export value,price variability,utility,origin,tags,stack size,cargo space,icon,sound id,sound id drop,order,economyTier,econUnitOrigUnused,econUnit,baseRaidDanger,eU * base value,iconWidthMult,plugin,desc
Supplies,supplies,supplies,100,500,3,1,,"military, expensive",1000,1,graphics/icons/cargo/supplies.png,ui_cargo_supplies,ui_cargo_supplies_drop,0.5,2.1,200,750,HIGH,75000,1,,
Fuel,fuel,fuel,25,1500,3,1,,military,1000,0,graphics/icons/cargo/fuel.png,ui_cargo_fuel,ui_cargo_fuel_drop,0.75,2,500,1500,HIGH,37500,0.6,,
,,,,,,,,,,,,,,,,,,,,,,
Metals,metals,metals,30,6000,3,1,,,1000,1,graphics/icons/cargo/materials.png,ui_cargo_metals,ui_cargo_metals_drop,8,1.1,500,2000,MEDIUM,60000,1,,
Transplutonics,rare_metals,rare_metals,200,12000,3,1,,expensive,1000,1,graphics/icons/cargo/raremetals.png,ui_cargo_raremetals,ui_cargo_raremetals_drop,7,1.2,100,200,MEDIUM,40000,1,,
Heavy Machinery,heavy_machinery,heavy_machinery,150,1000,3,1,,expensive,1000,1,graphics/icons/cargo/heavymachinery.png,ui_cargo_machinery,ui_cargo_machinery_drop,0.95,2.2,100,300,MEDIUM,45000,1,,
Volatiles,volatiles,volatiles,250,10000,3,1,,expensive,1000,1,graphics/icons/cargo/volatilesB.png,ui_cargo_volatiles,ui_cargo_volatiles_drop,11,1.2,100,200,MEDIUM,50000,1,,
,,,,,,,,,,,,,,,,,,,,,,
Harvested Organs,organs,organs,300,4000,3,1,,"medical, expensive",1000,1,graphics/icons/cargo/organs.png,ui_cargo_organs,ui_cargo_organs_drop,4,2.4,200,200,EXTREME,60000,0.7,,
Heavy Armaments,hand_weapons,hand_weapons,500,1000,3,1,,military,1000,1,graphics/icons/cargo/heavyweapons.png,ui_cargo_handweapons,ui_cargo_handweapons_drop,2,2.6,100,200,EXTREME,100000,1,,
,,,,,,,,,,,,,,,,,,,,,,
Ship Hulls & Weapons,ships,ships,100,600,3,1,,meta,1000,1,graphics/ships/hound/hound_base.png,,,10,4,200,200,,,1,,
,,,,,,,,,,,,,,,,,,,,,,
Alpha Core,alpha_core,ai_cores,,,0,150,,"nonecon, ai_core, no_loss_from_combat, codex_unlockable",1000,1,graphics/icons/cargo/ai_core_alpha.png,ai_core_pickup,ui_alpha_core_drop,40,,,,EXTREME,,1,,
Beta Core,beta_core,ai_cores,,,0,30,,"nonecon, ai_core, no_loss_from_combat, codex_unlockable",1000,1,graphics/icons/cargo/ai_core_beta.png,ai_core_pickup,ui_beta_core_drop,39,,,,HIGH,,1,,
Gamma Core,gamma_core,ai_cores,,,0,10,,"nonecon, ai_core, no_loss_from_combat, codex_unlockable",1000,1,graphics/icons/cargo/ai_core_gamma.png,ai_core_pickup,ui_gamma_core_drop,38,,,,HIGH,,1,,