{
	"starSystem":"hybrasil",
	"markets":[	
		{
			"entities":["culann", "culann_starforge"],
			"faction":"tritachyon",
			"size":5,
			"startingConditions":[
				"population_5",
				#"hydroponics_complex",
				"ore_rich",
				"rare_ore_sparse",
				#"autofac_heavy_industry",
				"no_atmosphere",
				#"very_hot",
				"hot",
			],
			"industries":[
				"population",
				"spaceport",
				"mining",
				"refining",
				["orbitalworks", "corrupted_nanoforge"],
				"heavybatteries",
				["militarybase", "cryoarithmetic_engine"],
				"battlestation_high",
			],			
		},
		{
			"entities":["eochu_bres"],
			"faction":"tritachyon",
			"size":7,
			"freePort":true,
			"startingConditions":[
				"tundra",
				#"urbanized_polity",
				#"headquarters",
				#"hydroponics_complex",
				"population_7",
				#"regional_capital",
				"habitable",
				"farmland_poor",
				"organics_trace",
				"solar_array",
				"cold",
				"extreme_weather",
			],
			"industries":[
				["population",],
				"farming",
				"megaport",
				["grounddefenses", "drone_replicator"],
				"patrolhq",
				["lightindustry", "biofactory_embryo"],
				"starfortress_high",
				["commerce", "dealmaker_holosuite"],
				"mining",
				"waystation",
			],
		},
#		{
#			"entities":["ogma", "hybrasil_station"],
#			"faction":"tritachyon",
#			"size":5,
#			"startingConditions":[
#				"military_base",
#				"outpost",
#				"ore_complex",
#				"hydroponics_complex",
#				"population_5",
#				"ore_rich",
#				"rare_ore_sparse",
#				#"autofac_heavy_industry",
#				"no_atmosphere",
#			],
#		},		
#		{
#			"entities":["crom_cruach"],
#			"faction":"independent",
#			"size":4,
#			"startingConditions":[
#				"ore_complex",
#				"frontier",
#				"outpost",
#				"population_4",
#				"ore_moderate",
#				"rare_ore_moderate",
#				"thin_atmosphere",
#			],
#		},		
		{
			"entities":["cethlenn"],
			"faction":"independent",
			"size":4,
			"startingConditions":[
				"population_4",
				#"hydroponics_complex",
				#"frontier",
				"ice",
				"organics_common",
				#"cold",
				"very_cold",
				"poor_light",
				"extreme_tectonic_activity",
				"low_gravity",
				#"tectonic_activity",
			],
			"industries":[
				"population",
				"spaceport",
				"mining",
				"patrolhq",
				"lightindustry",
				"grounddefenses",
			],
		},
		{
			"entities":["donn"],
			"faction":"pirates",
			"size":4,
			"freePort":true,
			"startingConditions":[
				"population_4",
				"volatiles_abundant",
				"ore_moderate",
				"rare_ore_abundant",
				#"poor_light",
				#"low_gravity",
				"no_atmosphere",
				"very_cold",
				"dark",
			],
			"industries":[
				"population",
				"spaceport",
				"mining",
				#"patrolhq",
				"militarybase",
				"grounddefenses",
				["lightindustry"],
			],
		},
	],


}



