{
	"starSystem":"isirah",
	"markets":[
		{
			"entities":["laicaille_habitat"],
			"faction":"persean",
			"size":5,
			"startingConditions":[
				"population_5",
				#"vice_demand",
				"ore_abundant",
				"rare_ore_abundant",
				"volatiles_diffuse",
				"irradiated",
			],
			"industries":[
				"population",
				"spaceport",
				"orbitalstation",
				"mining",
				"heavybatteries",
				"militarybase",
				#"megaport",
				"lightindustry",
				"waystation",
			],
		},
#		{
#			"entities":["groombridge_habitat"],
#			"faction":"independent",
#			"size":4,
#			"startingConditions":[
#				"population_4",
#				"orbital_station",
#				"organics_complex",
#				"trade_center",
#				"free_market",
#				"light_industrial_complex",
#			],
#		},
		{
			"entities":["station_kapteyn"],
			"faction":"pirates",
			"size":6,
			"freePort":true,
			"startingConditions":[
				#"organized_crime",
				"population_6",
				"irradiated",
			],
			"industries":[
				"population",
				"spaceport",
				"refining",
				"orbitalstation",
				"orbitalworks",
				"heavybatteries",
				"patrolhq",
				"waystation",
			],
		},
	]
}



