{
	"starSystem":"tyle",
	"markets":[
		{
			"entities":["cibola"],
			"faction":"persean",
			"size":5,
			"startingConditions":[
				"population_5",
				"farmland_poor",
				"habitable",
				"organics_trace",
				"hot",
				"extreme_weather",
				"ore_moderate",
				"rare_ore_sparse",
			],
			"industries":[
				"population",
				"farming",
				"spaceport",
				"mining",
				"refining",
				#"lightindustry",
				"grounddefenses",
				#"planetaryshield", # hmm maybe keep it a total surprise
				"orbitalstation_mid",
				"patrolhq",
			],
		},
		{
			"entities":["madeira"],
			"faction":"persean",
			"size":7,
			"startingConditions":[
				#"tundra",
				"population_7",
				"farmland_poor",
				"habitable",
				"volatiles_diffuse",
				"organics_trace",
				#"regional_capital",
				"cold",
			],
			"industries":[
				"population",
				"farming",
				#"spaceport",
				"megaport",
				"mining",
				"heavybatteries",
				"militarybase",
				#["fuelprod", "synchrotron"],
				"fuelprod",
				"battlestation",
				"lightindustry",
				"waystation",
			],
		},
	],


}



