{
	"starSystem":"yma",
	"markets":[
		{
			"entities":["qaras"],
			"faction":"pirates",
			"size":6,
			"freePort":true,
			"startingConditions":[
				#"tundra",
				#"hydroponics_complex",
				"population_6",
				"habitable",
				"volatiles_diffuse",
				"organics_common",
				"farmland_poor",
				"extreme_weather",
				
				#"extreme_weather",
				"cold",
				"tectonic_activity",
			],
			"industries":[
				"population",
				"farming",
				"spaceport",
				"mining",
				"heavybatteries",
				"militarybase",
				"heavyindustry",
				"waystation",
			],
		},
		{
			"entities":["salamanca"],
			"faction":"persean",
			"size":5,
			"startingConditions":[
				"dense_atmosphere",
				"organics_plentiful",
				"population_5",
				#"cold",
				"very_cold",
				"poor_light",
				#"extreme_weather",
				#"organized_crime",
				"ore_sparse",
				"rare_ore_moderate",
			],
			"industries":[
				"population",
				"spaceport",
				"mining",
				"grounddefenses",
				"patrolhq",
				#"militarybase",
				"lightindustry",
				"refining",
				"orbitalstation_high",
			],
		},
	],


}



