{
	"starSystem":"zagan",
	"markets":[
		{
			"entities":["mazalot"],
			"faction":"persean",
			"size":7,
			"startingConditions":[
				"habitable",
				#"arid",
				"hot",
				#"frontier",
				"population_7",
				#"luddic_majority",
				#"hydroponics_complex",
				"farmland_adequate",
				"luddic_majority",
				"ore_sparse",
				"organics_trace",
			],
			"industries":[
				"population",
				"farming",
				#"spaceport",
				"megaport",
				"lightindustry",
				"heavybatteries",
				"patrolhq",
				"waystation",
				"mining",
			],
		},
		{
			"entities":["ilm"],
			"faction":"independent",
			"size":5,
			"startingConditions":[
				"volatiles_plentiful",
				#"dissident",
				"cold",
				#"thin_atmosphere",
				#"tectonic_activity",
				"extreme_tectonic_activity",
				"population_5",
				#"vice_demand",
				"organics_trace",
			],
			"industries":[
				"population",
				"megaport",
				"mining",
				"lightindustry",
				"grounddefenses",
				"patrolhq",
				"orbitalstation",
				"commerce",
			],
		},
		{
			"entities":["yesod"],
			"faction":"persean",
			"size":5,
			"freePort":true,
			"startingConditions":[
				#"headquarters",
				"low_gravity",
				"cold",
				"population_5",
				"rare_ore_sparse",
				"volatiles_trace",
				"no_atmosphere",
				#"thin_atmosphere",
			],
			"industries":[
				"population",
				"spaceport",
				"militarybase",
				["fuelprod", "synchrotron"],
				"grounddefenses",
				#"patrolhq",
				"orbitalstation_high",
				"mining",
				"lightindustry",
			],
		},
	],


}



