name,id,demand class,base price,export value,price variability,utility,origin,tags,stack size,cargo space,icon,sound id,sound id drop,order,economyTier,econUnitOrigUnused,econUnit,baseRaidDanger,eU * base value,iconWidthMult,plugin,desc
Survey Data,survey_data,survey_data,10000,,0,1,,"nonecon, hide_in_codex",1000,1,graphics/icons/cargo/survey_data.png,ui_chip_pickup,ui_modspec_drop,50,,,,,,1,,
#Marines,marines,marines,500,0,3,1,,"marines, military, personnel",1000,0,graphics/icons/cargo/marine.png,ui_cargo_marines,ui_cargo_marines_drop,0.9,3.4,200,100,,50000,0.6,,
,,,,,,,,,,,,,,,,,,,,,,
#Ore,ore,ore,10,750,3,1,,,1000,1,graphics/icons/cargo/ore.png,ui_cargo_ore,ui_cargo_ore_drop,10,0.2,500,5000,,50000,1,,
#Transplutonic Ore,rare_ore,rare_ore,75,1000,3,1,,expensive,1000,1,graphics/icons/cargo/rareore.png,ui_cargo_rareore,ui_cargo_rareore_drop,9,0.3,200,500,,37500,1,,
,,,,,,,,,,,,,,,,,,,,,,
#Metals,metals,metals,30,1500,3,1,,,1000,1,graphics/icons/cargo/materials.png,ui_cargo_metals,ui_cargo_metals_drop,8,1.1,500,2000,,60000,1,,
#Transplutonics,rare_metals,rare_metals,200,3000,3,1,,expensive,1000,1,graphics/icons/cargo/raremetals.png,ui_cargo_raremetals,ui_cargo_raremetals_drop,7,1.2,100,200,,40000,1,,
,,,,,,,,,,,,,,,,,,,,,,
#Harvested Organs,organs,organs,300,1000,3,1,,"medical, expensive",1000,1,graphics/icons/cargo/organs.png,ui_cargo_organs,ui_cargo_organs_drop,4,2.4,200,200,HIGH,60000,0.7,,
#Recreational Drugs,drugs,drugs,200,750,3,1,,expensive,1000,1,graphics/icons/cargo/recdrugs.png,ui_cargo_drugs,ui_cargo_drugs_drop,3,2.5,200,400,HIGH,80000,0.75,,
,,,,,,,,,,,,,,,,,,,,,,
#AI Cores,ai_cores,ai_cores,2000,,0,1,,"nonecon, ai_core, hide_in_codex",1000,1,graphics/icons/cargo/ai_core_gamma.png,ai_core_pickup,ui_fighter_drop,30,,,,,,1,,