id,type,text1,text2,text3,text4,notes
planet_tiny_person,CUSTOM,A stellar miracle. Tiny Person is a naturally occurring habitable ocean world of extremely mini size. Often referred to as its alternative name Small Person. It has greatly reshaped theories about planet formation and possibilities of alien life being harboured on dwarf objects in temperate temperatures. The collective scientific inquiry from before the Collapse was little. But Hegemony has sent scientific expeditions under pretext of military reinforcement.,,Uncannily tall waves move around the planet's false surface. Islands of operation built with strange logic underlook the large vessels freely parked in orbit. As the not that dangerously radiating sun observed it all with a delicate red presence. Occasionally slightly covered by space clouds or a super earth orbiting it as well.,,
planet_sobriety,CUSTOM,Sobriety is a demonic super earth world of immense mass and wondrous terrestrial planes. Its strength is felt across the entire solar system as it manipulates the position of all the nearby objects. The red dwarf star itself slightly bulges towards its gravitational well as it quickly orbits around it.,,,,
,,,,,,
planet_broken_bone,CUSTOM,Broken Bone is a pirate raiding post crafted from Derelict fleet remnants to an extent. Found equipment was repurposed to maintain fleets of immense size which had managed to carve out some territory by raiding a local independent polity until its government gave up and ran off. Leaving the population to wolves.,,"A harsh colonial system is ran on the colony of Broken Bone. Local population is forcefully conscripted to maintaining ships and military infrastructure. Sabotage is easily deterred by group punishment, but even then some still try. Leading to horror stories being shared among the few that live in this part of the Persean Sector.

The remote location of the outpost makes it difficult for it to remain in touch with Kanta's main pirate arm. Leading some investigators to believe the colony is acting against typical merciful dogmas pirates abide to to not completely derange themselves into a rabid gang. But it is unclear whether that is the case.",,
planet_rippers_morld,CUSTOM,"Rippers Morld is a colony that has been quite prosperous before the Collapse. Existing as a hub of entertainment, business and organic harvesting operations in spite of quite meagre extraction sites. After the Collapse the colony kept on with that legacy thanks to the ability to be one of the few locations with sustainable food farming. Eventually however it was randomly bought by Tri-Tachyon. The context of said acquisition is enshrouded in mystery. Ever since, its population has been at unrest.",,"Vobo's rule of law and democratic elections were substituted with a harsh corporate hierarchy and kangaroo courts. Rebellions would erupt here and there in the harsh waters, but advanced technology is utilised to track down every individual's internet signature. And without GPS, managing against the weather of the planet is very dangerous.

Tri-Tachyon contrary to whatever happens with them in the Core Worlds has expressed extreme competence at subjugating the local population to its corporate regime. With some claiming artificial intelligence technology was utilised to do so. Tri-Tachyon denies such claims. Often with a sardonic smile on their face. As further reports of people going missing erupt in the local media. Soon to be extinguished like every semblance of freedom the colony used to have.",,
,,,,,,
planet_nerma,CUSTOM,An unsuspecting heavily fortified location of the Hegemony in deep space. Ster Station was an important military hub before the Collapse and was further kindled by the XIV Battlegroup. Unlike a variety of other locations it wasn't destroyed during either the first of the second AI War.,,The station's structure is rather alien here and there. Forming patterns unlike most you have ever seen in the Core Worlds. The people here are quiet and speak with wacky accents. The station's military personnel was reinforced with individuals from the planet of Nerma which had suffered extensively during the Collapse. Its main population migrated into the stellar architecture due to the fact that it was ironically easier to maintain than dead atmosphere barren world.,,
planet_false_prophet,CUSTOM,"In spite of being a depopulated world, False Prophet hosts many self-sustainable organic shrines. Planetary installations are minor, pointless and sparse. But are occasionally visited during Christmas or its equivalent rather for celebrations.",,,,
,,,,,,
planet_marko,CUSTOM,"Marko's a world that used to be very big but was subsequently destroyed during the AI Wars. It was nowhere near as big as Jangala or Eochu Bres in terms of population, let alone infrastructure. But it was substantial enough to emit a loud scream upon its extinguishment. Hegemony later came back to reclaim the planet. So that its corpse would not become desecrated by scavengers or pirates.",,"Ancient seas of Marko are beautiful in nature. Containing local wildlife which had adapted to the harsh bombardment that occurred. Weird ring-like microbial lifeforms completely alien to that of Terran constructs patrol the infinite depths. Assisted by luminescent orange constructs. That form grievous balls of creepy underwater dust. Rolling ahead. If one is not careful, they might fall into one and be devoured in its weight. Not literally. But choked to death at least.",,
planet_kathryn,CUSTOM,"The distant location of Kathryn is a Hegemony penal colony controlled from the location of Marko, and if such is unavailable, further away. Intervention here is forbidden. And there is nothing to find here anyway.",,"Small defensive locations can be seen from above within the convoluted clouds. However they turn out to be mere random signatures. Wherever the element of evil can be found, it is so incredibly hidden that one could confuse it with myth. In fact nothing ever comes out of this world. Not a whisper. With many still discussing its existence like that of a conspiracy theory involving evil aliens being responsible for the creation of blue lobsters on Volturn.",,
planet_new_bebop,CUSTOM,"New Bebop was given to Luddic Church as a gift for participation in the AI Wars, among other things. The colony was settled by relatively unhinged faithful who have formed progressive sects operating advanced equipment to sustain themselves in the unforgiving landscape of the toxic world. CGR is judgemental, but they understand that life here would be impossible otherwise. The question is more often than not, why was this place chosen for settlement in the first place.",,"Thick shields generated by nuclear reactors create a barrier against the harsh winds and temperatures operating outside. This massive structure hummed and crafted. The mathematics of it powered like a creation of an unhinged scientist doing something just because they could. So close to power. The Luddic faithful observed in muted awe as they existed from time to time here. But mostly in different places. Just in case it all breaks randomly.

This specific location. A shrine of sorts albeit of no real importance was built on top of a gigantic mountain. Twenty kilometres tall. The dead tectonic activity of the planet has concluded with the concentration of all its potency in a singular location. Pushing up and up in slightly lower than recommended gravity.",,
planet_bromium,CUSTOM,Bromium was once a penal colony that had quite a lot of political dissidents. After Marko was destroyed. Most of the personnel and convicts have successfully been evacuated. But some strange chunk has remained. And to this day they move around the ruins that cover the planet. Sparse albeit visible. And the people who guard them... Not much is known.,,,,
#planet_naibiria,CUSTOM,,,,,
,,,,,,
planet_gagner,CUSTOM,Gagner is the oldest colony in the Syzygy system. Having been established shortly after the Collapse by refugees from further away beyond the Core World planets. Not wanting to be submitted to main political powers at a time. It attracted further people. And eventually became somewhat converted to Luddic Church faith. Though they interpret it slightly more liberally. And are also known to not necessarily respect human rights of for example a certain minority occupying the planet. Namely non-Luddic faithful that still want to lead a life. And are too poor to leave. Its existence is accepted by both the Luddic Church and interfactional community.,,Calm desert winds of the icy territory patrol the world of cold. The temperatures are quite terrifying. If not for the Collapse. This would most likely be a fairly neat candidate for terraforming towards a tundra location.,,
planet_memory,CUSTOM,A scientific colony established in recent times.,,The uncalm surface of Memory is known to be quite unwelcoming as well. The Tri-Tachyon operations ran here are less intended to create some sort of a long-term terrifying location to terrorise the around area from. And more to just investigate ancient phenomena of system formation. Luddic Church members occasionally visit to experience the planet's serine beauty.,,
station_twelve,CUSTOM,Somewhat preserved ancient piece of history. Docking is forbidden by the Knights of Ludd. Therefore stashing of any goodies is unwelcome.,,Although presumably in no immediate danger. The stashing of items on this station could result in a long-term response by Knights of Ludd. And by that extension it is not recommended.,,
station_new_bezonia,CUSTOM,"Pirate station bought out by Tri-Tachyon corporation to reinforce its strength within this location. Luddic Church allowed this to happen due to most of said faction being relatively peaceful, unlike its more violent offshoot.",,"The infrastructure here was constructed haphazardly across a hundred years since the Collapse. Untouched during the AI Wars. The pirates here used to be goombas of Warlord Loke before his downfall. Kanta took over for a while, but profits were often sacked immediately by a strict response from mercenaries of unknown origin. Eventually the station went bankrupt. And its population was bailed out by a swift TT acquisition.",,
,,,,,,
planet_denyza,CUSTOM,A post-Collapse colony settled by the people who did not have access to high quality goods due to monetary and accessibility issues. The local population across dozens of years became more and more asceticismic. It was eventually absorbed into the Luddic Church. Local faith having not that much to do with it. But being close enough. Being the reason.,,Majority of the planet's cities are tents. Large and small. White... Made from organic materials. A Luddic Church military however hovered over it all. High gravity was quite harsh and enforced a life of practice. With the wonderous climate enjoying the slightly thicker atmosphere. Knights of Ludd skiffers are seen in the long plains from time to time. Angrily staring at the semi-unfaithful. It is presumed that one of the main reasons why this world was taken was its inherent monetary value.,,
planet_maronia,CUSTOM,"Maronia was a colony created from the fact that Denyza had at some point experienced a plague. Out of fear the richer and more technologically advanced elites of the colony have ventured outwards to settle this barren rock. Their lives were quite dormant, but eventually they evacuated after Luddic Church took over the system. And threatened to take them as well via economic measures.",,,,
planet_gangregis_khan,CUSTOM,Gangregis Khan is an object of quasi worship. Its passing over the sun in the sky of Denyza occurs every few dozen hours. The planet is slightly elongated. Which is not represented in standard stellar display.,,,,
,,,,,,
planet_vaanita,CUSTOM,Vaanita once lied as an establishment that resisted against the main movement of the Luddic Church. However it was quickly decimated in recent times in order to discourage further secession. The planet was left to its own volition ironically however. Due to the fact that it did not have conditions worth continuing. Taken over by criminals sooner or later. To this day it remains as a moderate hive of villainy.,,"Modern habitats built by ancient Luddic knowhows. Well, obviously not that ancient. Lie in fields of barren territories. Large defensive structures look up in search of adversaries. With local comms buzzing in training of new unlawful militias to parody the status quo.",,
,,,,,,
planet_gumbat,CUSTOM,Harsh however comfortable world of Gumbat has suffered extensively in the past. Unsustainable government model eventually ended with the whole planet being bought out by a swarm of corporate investors serving the Tri-Tachyon cause. Modern climate is that of ads. Consumptionism. Dread of possible political continuations. And other such phenomena.,,"The upper cities which bask in the invisible light of the comically named star Cappuccino are nice to be around. As they are vast, light but looking like those of Old Earth ancient cities of locations of forgotten Europe. Or at least the memories of it.

But those are merely tourist locations. Larger balloons and by extension cities hang lower below in acidic rains. Enclosed and pointless. The majority of the population lives on such. In perpetual darkness.",,
gumball_station,CUSTOM,"Erected by Tri-Tachyon, the powerful Robyn Tropobserver observes intently the unforgiving darkness. Expecting pirates to arrive any moment. This tower was named after a relatively infamous TT scientist who had died a painful death during AI Wars. One of the many crimes committed by Hegemony which were swiftly swept under the rug.",,,,
planet_grabuz,CUSTOM,The gas giant serves as one of the extremely few locations of inhabiting such in the Persean Sector. The population of Grabuz has apparently gone rogue. Originally loyal to some corporate conglomerate. Debts it had were declared null and by extension it has become a lawless state to an extent. And has since existed as such.,,"Dimly lit locales seemed nice to be around. Several armed people could be seen around walking in the shadows. There was a tiny shop with not safe for work materials in it. Right next to a convenience store. Very few people lived here. The government of Grabuz is chaotic. It's a congregation of what one could call tribes. That would band together when threatened to strike someone, but only on the planet itself. As there was no stellar military to operate. There were trade convoys, obviously. As for everyone. But they were sparse and built from people who wanted money rather than felt belonging to any sort of common identity the planet might posses. But in spite of that one could feel... Such emanating. The lack of care was part of it.",,
,,,,,,
planet_bourbon,CUSTOM,"Bourbon was harassed by a mercenary group of some kind in an unspecified time in the past. That eventually culminated with the planet being bombed into nothing. The merc group dispersed with no guilty ever being found. Before that it was a hub of Luddic belief. But after, it was repopulated by people from all over the place. Eventually losing its identity and then pledging itself to Persean League out of fear of being demolished once again.",,"Harsh radiation and pollution from decaying infrastructure, most of it stuck under the sea. Money was never sent to clean this up. But it would still be impossible. Kazeron beams its propaganda onto this world in hopes of keeping its clutches on it. But the reality is that most of its population believes it has taken an awful deal necessary for survival. But in the end what they receive is still quite nothing. The local polity is extremely panicked about all the occurrences around and within.

The cities of the peaceful utopia planet are known to harbour works of art quite beyond the understanding of standard Persean Sector people. Of fish with human faces. And women with fish bodies. No one really understands what it means or why it was made in the first place. Because the original populous that made it was terminated.",,
planet_boboon,CUSTOM,Boboon is a boring moon that was once intended to become a hub of industry. But this obviously never came to fruition as visible in the present. Presumably.,,,,
station_onion_ring,CUSTOM,"Built by an unknown group of people in the times before the Collapse. The Derakh Sanctuary, called that, is of unknown purpose. Whatever could point towards it was stripped, archived and then said archive was destroyed.",,,,
,,,,,,
planet_yendore,CUSTOM,"Yendore used to be a major polity before the Collapse. However during the chaos that ensued, a large part of its population has migrated towards the Core Worlds. What was left was a population that was eventually bombed by an unknown political entity that has since that occurrence seemingly vanished from the pages of the Persean Sector.",,"Tall towers sometimes exist on the surface of the planet. But they lie mostly abandoned and poorly maintained. Majority of the population lives in what amounts to holes in the ground. They are however quite luxurious. Long markets and cosy establishments exist among concentrations of swarms of dorms networked by an illogically complex air pumping infrastructure and cables that form a rather zealous cybersphere.

Yendore has a mostly democratic government. But popular conspiracy theories talk of it being in actuality controlled by a Kazeron-housed elite. Poor development of the planet is apparently tied to the fact that all the income from its businesses is pumped into something existing out there. But logical beliefs point to the fact that Yendore is simply a distant and vulnerable world. And whoever lives here and makes it, would rather move somewhere else.",,
planet_arbakan,CUSTOM,Recently settled Arbakan. Recently as in after the AI Wars. Was quickly reinforced by an unspecific corporate cooperative group to provide protection for the local vicinity. The operations of this planet are enshrouded in moderate mystery. In reality nothing really of substance occurs here except minor investigations of hyperspace phenomena.,,Fortified structures operate on the surface of Arbakan. Tiny arcologies observe vigilantly the sky which has a dim albeit still potent sunlight arrive from far far away. The local polity is utilitarian and threatening. People have to adjust to their brute philosophy of politeness or be kicked out. Media is not free. And no one gets to truly speak their mind. Only adjust to the harsh rules dictated by the militia.,,
planet_gyas_a,CUSTOM,"Phagocyte was a rapidly growing colony some time ago, before its development suddenly stopped. The intent was to create a location that would allow to harvest volatiles for the Sindrian Diktat independently of the Hegemony interest. But rumours of local rule gaining a non-truly obedient mindset have made main Sindrian Diktat rule sceptical towards this idea in certain circles.",,"The planet was initially settled heavily with Luddic Church dissidents given a choice between execution. Being shipped off to Cruor or coming here. Granted the entry onto Phagocyte requires an individual to accept the fact of existence of technology. As well gaining somewhat higher education. Which in turn makes the arrivant here less of a slave labour. And more an actual specialised employee that needs to be paid a moderate salary and given rights. Lest they'll intentionally sabotage the project. Often subtly enough to not be extinguished.

This created a strange cultural synergy between Sindrian Diktat officials employing Tri-Tachyon management models. And counterculture Luddic Church cultists who internally despise complete rejection of technology. Phagocyte is often talked about on many internet forums as the strangest place to be on. And a utopia on top of that. To the main regime on Sindria, everything going on has been worrying. But the value of volatile security is somewhat more important than true political stability. And the remoteness of the location and its pretentious populous makes any sort of leaking of its ideas towards say Volturn quite difficult.",,
,,,,,,
planet_null,CUSTOM,Planet Null is a distant colony settled for exotic xenolife. The adaptive microorganisms thrive in high gravity irradiated environments. Forming complex structures with the excited ionised particles suspended in the atmosphere. These organisms are additionally highly toxic to humans. Albeit short-lived.,,Very little is known about Null culture. But the general appeal of inhabitating a neutron star system is the fact that no large fleet will ever want to visit. This makes the planet a perfect location for small time pirates or debt dodgers afraid of being chased by a dangerous entity.,,
#planet_fameless,CUSTOM,,,,,
,,,,,,
#planet_sutr,CUSTOM,,,,,
#planet_norvia,CUSTOM,,,,,
,,,,,,
planet_lotus,CUSTOM,A mining world established in an unknown time. Luddic Church practitioners followed some incomprehensive trail of stories told and settled this extremely hostile rock. Believing scientific inquiry to be able to reveal the path to salvation. This sect is extremely insulated from the main one on Gilead.,,"Purple industrial palaces lied suspended over invoking hatred terrestrial seas of lava. The enormous face of the blue supergiant terrorises the landscape, slightly peeking from beyond the horizon. Metallic clouds of pseudovapour race as terrifying winds. Shattering ill-prepared shuttles and ships. Lotus is a place of nightmares. Only the most idiotic of people would settle it.",,
planet_tonderilla,CUSTOM,Tonderilla is a terrifying world of whispers and abandoned dreams.,,"Tonderilla is a strange location with an extremely complex story. At first the colony due to being unable to muster enough food for the whole population had suffered through a years-lasting famine that eventually wiped it out completely. Then it was settled by furious remnants of Hana Pacha. Who with some patrol ships and a large quantity of military personnel had managed to beat the local population into submission over a period of thirty years. The planet then grew further. But never forgot its heritage. So much so that the tensions between Hana Pacha remnants and traumatised population led to several major strikes here and there that eventually paralysed the whole planet's industry.

And then the Pathers came. The Pathers exploited this havoc, they assassinated the entirety of the ruling class. Promised peace to both sides. And then granted it to them. At the cost of the planet shifting its culture. The thick wall of propaganda, misinformation and near manic populace fuelled by torment and hatred towards the Core Worlds has created a culture that lives in a separate reality to the one you and I know.",,
planet_prion,CUSTOM,"An inexplicable gas giant on the verge of becoming a brown dwarf. Terrifying gravitational forces try to keep it together, but then even more terrifying heat deposited upon the planet lead to it bulging out and behaving strangely. Being a blob in the sky that seems to disobey laws of physics. And glowing uncanny light.",,,,
,,,,,,
,,,,,,
planet_corb,CUSTOM,Dense hydrogen rich atmosphere creates a devastating greenhouse effect that leads to surface temperatures reaching several hundred degrees Celsius. Vast oceans were supposedly to include biological life which ceased some Domain-era development. However these have been proven to be entirely false. Limited interest continued due to the Collapse.,,,,
planet_egdir,CUSTOM,Edgir is a terrifying Jupiter-mass ice giant that causes extensive disruption through the planetary system of Isirah. Ice giant is also a misleading term. As the planet is in actuality a water giant of immense potency.,,,,
planet_kolasis,CUSTOM,Very dense atmosphere leads to the surface being locked in perpetual darkness even in the glaring light of the planet's primary. The planet according to recent post-Collapse scientific analysis possesses a vast ocean uninterrupted for an unbelievable long period of time that may or may not posses alien life. This has not been however investigated at all due to lacklustre investment.,,,,
planet_ankhothi,CUSTOM,Not an ice giant per say. Ankhothi has migrated deeper into the planetary systems. Warming into a temperate climate slowly. Over a few thousand years. The planet will transition from a standard ice giant into a water giant.,,,,
planet_semonia,CUSTOM,The ice giant is of almost habitable temperatures if not for an atmospheric composition highly hostile to human presence. The green tint of the planet itself as well as suspicious magnetic fields have not yet been explained by limited post-Collapse scientific backbone. And the perpetually anti-intellectual culture of Askonia's authoritarianism has made any inquiry dangerous.,,,,
planet_morn,CUSTOM,"The lesser ice giant lacks hydrostatic equilibrium. Bending and forming an elipsoid shape not represented in standard simplifications of stellar space for the sake of comprehensible stellar travel display. The environment of Morn is highly exotic, poor gravity leads to strangely moving masses that coalesce into incomprehensive works of art. The planet's core is also spilling into the outer atmosphere and back. Travelling as devastating shards that may be highly dangerous to any long-term settlement established here.",,,,
planet_og,CUSTOM,Og possesses inexplicable tectonic activity and ambient temperatures. It formed a key element in the terraformation of Gilead. As it was the main reason for the fact that its core was still highly active and generating a useful magnetic field. Chemicals found on Og served to stimulate growth of Terran-analogues on the planet.,,,,
planet_astrae,CUSTOM,Astrae's highly exotic chemical composition leads to its almost blood-like colour. The planet is often a target for vast tourism when Eos experiences times of tranquillity. Rarely however from Luddic pilgrims due to its supposed evil nature. Many holovids were made here. Horror ones. It is a place of consumptionism and pride. Which eclipses apparently its artistic value to the faithful.,,,,
planet_naphtali,CUSTOM,Naphtali was intended to be one of the main volatile harvesting facilities of the Persean Sector. Lacklustre presence of Gilead. As well as its reluctance for industrial development and support of nearby projects due to Luddic Church interference. Has led to the colony not surviving past the Collapse.,,,,
planet_adityas,CUSTOM,Once presumed to be the hiding spot of the legendary philosopher John Carmine. The planet was searched extensively by a group of fanatical scavengers. They discovered nothing. The planet was then never talked about again.,,,,
planet_chimalma,CUSTOM,Chimalma is a remnant of a gas giant that ventured towards the primary. Extreme winds stripped it completely. Remaining behind this figment.,,,,
planet_toci,CUSTOM,Large enough to be almost a brown dwarf. Toci nonetheless is still comparatively light to a star that could serve as a primary to several planets. Unless operating in an undisturbed environment.,,,,
