id,trigger,conditions,script,text,options,notes
LPTitheCheck,BeginFleetEncounter,"$faction.id == luddic_path score:100
RepIsAtWorst $faction.id HOSTILE
!$ignorePlayerCommRequests
!$LP_tithePaid
!$LP_titheAskedFor
$relativeStrength >= 0
LPTitheCalc","$LP_titheConv = true 0
$LP_titheAskedFor = true 7
AddText ""You're being hailed by the $faction $otherShipOrFleet."" $faction.baseColor
$hailing = true 0",,,
,,,,,,
tOffPatrolOpenComm,OpenCommLink,"!$entity.patrolAllowTOff
$entity.transponderOffConv score:100","AddText ""\""Running with the transponder off in $faction space is against the law. You're hereby ordered to turn your transponder on, identify yourself immediately, and submit to a cargo scan for contraband.\""""
#AdjustRep $faction.id TRANSPONDER_OFF
AdjustRepActivePerson TRANSPONDER_OFF
SetStoryOption avoid_scan 1 avoidCargoScan ui_char_spent_story_point ""Talked your way out of a cargo scan""",,"0:tOff_comply:Turn the transponder on and comply
1:avoid_scan:Talk your way out of it
2:tOff_refuse:Refuse and cut the comm link",
tOffPatrolOpenCommUnknown,OpenCommLink,"!$entity.patrolAllowTOff
$entity.transponderOffConv score:100
!$entity.knowsWhoPlayerIs","AddText ""\""Unknown $shipOrFleet, identify yourself! Running with the transponder off in $faction space is against the law. You're hereby ordered to turn your transponder on and submit to a cargo scan.\""""
#AdjustRep $faction.id TRANSPONDER_OFF
AdjustRepActivePerson TRANSPONDER_OFF
SetStoryOption avoid_scan 1 avoidCargoScan ui_char_spent_story_point ""Talked your way out of a cargo scan""",,"0:tOff_comply:Turn the transponder on and comply
1:avoid_scan:Talk your way out of it
2:tOff_refuse:Refuse and cut the comm link",
tOffPatrolOpenCommTOn,OpenCommLink,"!$entity.patrolAllowTOff
$entity.transponderOffConv score:100
$player.transponderOn","AddText ""\""Running with the transponder off in $faction space is against the law. Don't think you can just turn it back on and avoid our attention - you're hereby ordered to submit to a cargo scan.\""""
#AdjustRep $faction.id TRANSPONDER_OFF
AdjustRepActivePerson TRANSPONDER_OFF
SetStoryOption avoid_scan 1 avoidCargoScan ui_char_spent_story_point ""Talked your way out of a cargo scan""",,"0:tOff_comply2:Allow the scan
1:avoid_scan:Talk your way out of it
2:tOff_refuse:Refuse and cut the comm link",
tOffPatrolOpenCommNotFirstTime,OpenCommLink,"!$entity.patrolAllowTOff
$entity.transponderOffConv score:100
$entity.sawPlayerWithTOffCount == 2.0 score:10
$entity.relativeStrength >= 0","AddText""\""I told you last time to keep your transponder on.\""""
#AdjustRep $faction.id TRANSPONDER_OFF
AdjustRepActivePerson TRANSPONDER_OFF
AddText ""The comm link is cut before you have a chance to respond.""
$entity.ignorePlayerCommRequests = true 0
unset $entity.transponderOffConv
#MakeHostileWhileTOff tOff true 7
MakeOtherFleetHostile tOff true 7",,"#0:tOff_notFirstTimeCont:Continue
cutCommLinkNoText:Continue",
,,,,,,
tOffRefuse,DialogOptionSelected,$option == tOff_refuse,"$entity.ignorePlayerCommRequests = true 0
unset $entity.transponderOffConv
#AdjustRep $faction.id TRANSPONDER_OFF_REFUSE
AdjustRepActivePerson TRANSPONDER_OFF_REFUSE
MakeHostileWhileTOff tOff true 7
ShowDefaultVisual
EndConversation
$sourceMarket.smugglingScanTimeout = true 30",,,
tOffRefuseTransponderIsOn,DialogOptionSelected,"$option == tOff_refuse
$player.transponderOn","$entity.ignorePlayerCommRequests = true 0
unset $entity.transponderOffConv
#AdjustRep $faction.id TRANSPONDER_OFF_REFUSE
AdjustRepActivePerson TRANSPONDER_OFF_REFUSE
MakeOtherFleetHostile tOff true 7
ShowDefaultVisual
EndConversation
$sourceMarket.smugglingScanTimeout = true 30",,,
,,,,,,
cargoScanRefuse,DialogOptionSelected,$option == cargoScan_refuse,"$entity.ignorePlayerCommRequests = true 0
unset $entity.cargoScanConv
unset $entity.pursuePlayer_smugglingScan
$entity.smugglingScanComplete = true 1
$sourceMarket.smugglingScanTimeout = true 30
#AdjustRep $faction.id CARGO_SCAN_REFUSE
AdjustRepActivePerson CARGO_SCAN_REFUSE
ShowDefaultVisual
EndConversation",,,
,,,,,,
#TTMACommandOptions1,TTMACommandOptions,$attackReversible,DoCanAffordCheck 500000 ttma_offerBribe1,,"ttma_offerBribe1:""How about I pay you five million credits to raid the $triTachSystem instead.""",
ttma_offerBribe1Sel,DialogOptionSelected,$option == ttma_offerBribe1,DoCanAffordCheck 5000000 ttma_offerBribe2,"""Captain, captain!"" $HeOrShe shakes $hisOrHer head in a pretense of shock, ""My word is my bond. Besides, Tactistar holds a contract! A contract which includes a generous signing payment.""

""Where would we be if mercenaries could simply sell their services to the highest bidder, with no regard for such concepts as honor and, after a fashion, morality?"" $HeOrShe gestures vaguely, ""Just imagine the sort of world we would live in.""

$HeOrShe looks off into space for a few seconds, as if lost in a daydream. $HeOrShe turns back to face you, expression perfectly earnest. ""No, your offer simply will not do.""","ttma_offerBribe2:""I understand. Five million, then?""
cutCommLink:Cut the comm link",
ttma_bribeConfirmSel,DialogOptionSelected,$option == ttma_bribeConfirm,"AddCredits -5000000
HA_CMD retargetTTMA
$player.bribedTTMercAttack = true","""Pleasure doing business with you, Captain $playerName. Now, if you don't mind, I have orders to transmit.""

$HeOrShe smiles and reaches for the comms shutoff, then pulls back, remembering something.

""And on behalf of Tactistar,"" $heOrShe says, ""I would like to wish you a very safe day.""","cutCommLink:""Burn bright, $rank.""",