{
	"id":"non_threat",
	"name":"Threat Nerf",
	"author":"Krill",
	"version":"2B-c-b",
	"description":"You are tearing me apart, Lisa!",
	"gameVersion":"0.98a-RC8",
		"replace": [
			"data/hulls/fabricator_unit.ship",
		
			"data/variants/omega/facet_Armorbreaker.variant",
			"data/variants/omega/facet_Attack.variant",
			"data/variants/omega/facet_Attack2.variant",
			"data/variants/omega/facet_Defense.variant",
			"data/variants/omega/facet_Shieldbreaker.variant",
			"data/variants/omega/shard_left_Defense.variant",
			"data/variants/omega/shard_left_Missile.variant",
			"data/variants/omega/shard_right_Missile.variant",
			"data/variants/omega/shard_right_Shock.variant",
			"data/variants/omega/tesseract_Attack.variant",
			"data/variants/omega/tesseract_Attack2.variant",
			"data/variants/omega/tesseract_Defense.variant",
			"data/variants/omega/tesseract_Disruptor.variant",
			"data/variants/omega/tesseract_Shieldbreaker.variant",
			"data/variants/omega/tesseract_Strike.variant",
			
			"data/variants/threat/assault_unit_Type200.variant",
			"data/variants/threat/overseer_unit_Type250.variant",
			"data/variants/threat/standoff_unit_Type300.variant",
			"data/variants/threat/standoff_unit_Type301.variant",
			"data/variants/threat/standoff_unit_Type302.variant",
			],
}
