{
	"starSystem":"thule",
	"markets":[
		{
			"entities":["kazeron"],
			"faction":"persean",
			"size":7,
			"startingConditions":[
				#"hot",
				"population_7",
				"no_atmosphere",
				#"urbanized_polity",
				#"regional_capital",
				"ore_rich",
				"rare_ore_moderate",
				#"meteor_impacts",
			],
			"industries":[
				"population",
				"megaport",
				["mining", "mantle_bore"],
				["refining", "catalytic_core"],
				["orbitalworks", "pristine_nanoforge"],
				#["commerce", "alpha_core"],
				"heavybatteries",
				"militarybase",
				"starfortress_mid",
			],
		},
		{
			"entities":["eldfell"],
			"faction":"independent",
			"size":5,
			"startingConditions":[
				#"no_atmosphere",
				#"hydroponics_complex",
				"population_5",
				"ore_sparse",
				"tectonic_activity",
				"thin_atmosphere",
			],
			"industries":[
				"population",
				"spaceport",
				"refining",
				#"grounddefenses",
				#"orbitalstation_high",
			],
		},
		{
			"entities":["thule_pirate_station"],
			"faction":"pirates",
			"size":4,
			"freePort":true,
			"startingConditions":[
				"volatiles_diffuse",
				"rare_ore_abundant",
				#"vice_demand",
				"population_4",
				"cold",
				#"poor_light",
			],
			"industries":[
				"population",
				"spaceport",
				"mining",
				#"commerce",
				"orbitalstation",
				"heavybatteries",
				"patrolhq",
			],
		},
	],


}



