{
	"starSystem":"yma",
	"markets":[
		{
			"entities":["qaras"],
			"faction":"pirates",
			"size":5,
			"freePort":true,
			"startingConditions":[
				#"tundra",
				#"hydroponics_complex",
				"population_5",
				"habitable",
				"cold",
				"volatiles_diffuse",
				"organics_common",
				"farmland_poor",
				#"solar_array",
				#"pollution",
			],
			"industries":[
				"population",
				"farming",
				"spaceport",
				"mining",
				"commerce",
				"heavybatteries",
				"militarybase",
				#"heavyindustry",
			],
		},
		{
			"entities":["salamanca"],
			"faction":"persean",
			"size":5,
			"freePort":true,
			"startingConditions":[
				"dense_atmosphere",
				"organics_plentiful",
				"population_5",
				"cold",
				"extreme_weather",
				#"organized_crime",
			],
			"industries":[
				"population",
				"spaceport",
				"mining",
				#"commerce",
				"grounddefenses",
				#"orbitalstation_mid",
				"patrolhq",
			],
		},
	],


}



