{
	"starSystem":"thule",
	"markets":[
		{
			"entities":["kazeron"],
			"faction":"persean",
			"size":7,
			"startingConditions":[
				"hot",
				"population_7",
				"no_atmosphere",
				#"urbanized_polity",
				#"regional_capital",
				"ore_moderate",
				"rare_ore_moderate",
			],
			"industries":[
				"population",
				"megaport",
				["mining", "mantle_bore"],
				["orbitalworks", "pristine_nanoforge"],
				"heavybatteries",
				"militarybase",
				"starfortress_mid",
			],
		},
		{
			"entities":["eldfell"],
			"faction":"independent",
			"size":5,
			"startingConditions":[
				"no_atmosphere",
				#"hydroponics_complex",
				"population_5",
			],
			"industries":[
				"population",
				"spaceport",
				"refining",
			],
		},
		{
			"entities":["thule_pirate_station"],
			"faction":"pirates",
			"size":4,
			"freePort":true,
			"startingConditions":[
				"volatiles_diffuse",
				#"vice_demand",
				"population_4",
				"cold",
			],
			"industries":[
				"population",
				"spaceport",
				"mining",
				"orbitalstation",
				"heavybatteries",
				"patrolhq",
			],
		},
	],


}



