{
	"starSystem":"tyle",
	"markets":[
		{
			"entities":["cibola"],
			"faction":"persean",
			"size":5,
			"startingConditions":[
				"population_5",
				#"farmland_poor",
				"habitable",
				"organics_trace",
				"hot",
			],
			"industries":[
				"population",
				#"farming",
				"spaceport",
				"mining",
				"refining",
				#"lightindustry",
				"grounddefenses",
				#"planetaryshield", # hmm maybe keep it a total surprise
				"orbitalstation_mid"
			],
		},
		{
			"entities":["madeira"],
			"faction":"persean",
			"size":6,
			"startingConditions":[
				#"tundra",
				"population_6",
				#"farmland_poor",
				"habitable",
				"volatiles_diffuse",
				#"regional_capital",
				"cold",
			],
			"industries":[
				"population",
				#"farming",
				"spaceport",
				"mining",
				"heavybatteries",
				"militarybase",
				"fuelprod",
				"battlestation",
			],
		},
	],


}



