{
	"starSystem":"magec",
	"markets":[
		{
			"entities":["new_maxios"],
			"faction":"independent",
			"size":5,
			"startingConditions":[
				#"hydroponics_complex",
				"population_5",
				#"ore_moderate",
			],
			"industries":[
				"population",
				"spaceport",
				"lightindustry",
				["orbitalworks", "corrupted_nanoforge"],
				"commerce",
				"battlestation",
				"heavybatteries",
				"militarybase",
			],
		},
		{
			"entities":["kantas_den"],
			"faction":"pirates",
			"size":4,
			"freePort":true,
			"startingConditions":[
				#"organized_crime",
				"stealth_minefields",
				"ore_moderate",
				"population_4",
				"hot",
			],
			"industries":[
				"population",
				"megaport",
				"waystation",
				"mining",
				"lightindustry",
				"battlestation",
				"heavybatteries",
				["militarybase", "cryoarithmetic_engine"],
			],
		},
		{
			"entities":["tibicena", "achaman_enterprise_station"],
			"faction":"tritachyon",
			"size":5,
			#"freePort":true,
			"startingConditions":[
				"population_5",
				"tectonic_activity",
				"no_atmosphere",
				"high_gravity",
				"ore_rich",
				"rare_ore_rich",
			],
			"industries":[
				"population",
				"megaport",
				"mining",
				"lightindustry",
				"commerce",
				"battlestation_high",
				"grounddefenses",
				"militarybase",
			],
		},		
	],


}



