{
	"id":"unofficial_balance_patch",
	"name":"Unbalance Patch",
	"author":"Krill",
	"version":"2B-b",
	"description":"it's simple. We phase the Batman",
	"gameVersion":"0.98a-RC8",
	
		"replace": [
			"data/weapons/proj/miningblaster_shot.proj",
			"data/weapons/proj/squall_rocket.proj",
			
			#"data/weapons/gazer_payload.proj",
			#"data/weapons/gravitonbeam.proj",
			
			"data/variants/fighters/claw_Fighter.variant",
			"data/variants/fighters/gladius_Fighter.variant",
			"data/variants/fighters/thunder_Fighter.variant",
			"data/variants/fighters/warthog_Fighter.variant",
			"data/variants/fighters/piranha_Bomber.variant",
			"data/variants/fighters/broadsword_Fighter.variant",
			"data/variants/remnant/lux_Fighter.variant",
			
			"data/hulls/skins/eagle_LG.skin",
			"data/hulls/skins/falcon_LG.skin",
			"data/hulls/skins/sunder_LG.skin",
			"data/hulls/skins/executor.skin",
			
			"data/hulls/lasher.ship",
			#"data/hulls/hyperion.ship",
			"data/hulls/anubis.ship",
			"data/hulls/grendel.ship",
			"data/hulls/venture.ship",
			"data/hulls/skins/venture_p.ship",
			"data/hulls/skins/venture_pather.ship",
			
			"data/hulls/fulgent.ship",
			
			"data/hulls/colossus.ship",
			"data/hulls/colossus2.ship",
			"data/hulls/colossus3.ship",

			"data/variants/remnant/glimmer_Assault.variant",
			"data/variants/remnant/brilliant_Standard.variant",
			"data/variants/remnant/brilliant_Support.variant",
			"data/variants/remnant/fulgent_Assault.variant",
			"data/variants/remnant/fulgent_Support.variant",
			"data/variants/remnant/scintilla_Strike.variant",
			"data/variants/remnant/scintilla_Support.variant",
			"data/variants/remnant/apex_Assault.variant",
			"data/variants/remnant/apex_Missile.variant",
			"data/variants/remnant/apex_Standard.variant",
			"data/variants/remnant/nova_Attack.variant",
			"data/variants/remnant/nova_Standard.variant",
			"data/variants/remnant/radiant_Assault.variant",
			"data/variants/remnant/radiant_Standard.variant",
			"data/variants/remnant/radiant_Strike.variant",
			
			"data/variants/mule/mule_d_pirates_Smuggler.variant",
			"data/variants/mule/mule_d_pirates_Standard.variant",
			"data/variants/mule/mule_d_Standard.variant",
			"data/variants/mule/mule_Fighter_Support.variant",
			"data/variants/mule/mule_Standard.variant",
			"data/variants/mule/mule_Starting.variant",
			
			"data/variants/wolf/wolf_Assault.variant",
			"data/variants/wolf/wolf_d_Attack.variant",
			"data/variants/wolf/wolf_hegemony_Assault.variant",
			"data/variants/wolf/wolf_hegemony_PD.variant",
			"data/variants/wolf/wolf_Overdriven.variant",
			"data/variants/wolf/wolf_PD.variant",
			"data/variants/wolf/wolf_Starting.variant",
			"data/variants/wolf/wolf_Strike.variant",
			
			"data/variants/kite/kite_hegemony_Interceptor.variant",
			
			"data/variants/kite/kite_luddic_path_Raider.variant",
			"data/variants/kite/kite_pirates_Raider.variant",
			"data/variants/kite/kite_Standard.variant",
			"data/variants/kite/kite_Starting.variant",
			"data/variants/kite/kite_Support.variant",
			"data/variants/kite/wolf_Strike.variant",
			
			"data/variants/eagle/eagle_Assault.variant",
			"data/variants/eagle/eagle_Balanced.variant",
			"data/variants/eagle/eagle_d_Assault.variant",
			"data/variants/eagle/eagle_LG_Assault.variant",
			"data/variants/eagle/eagle_LG_Support.variant",
			"data/variants/eagle/eagle_Support.variant",
			"data/variants/eagle/eagle_xiv_Elite.variant",
			
			"data/variants/manticore/manticore_Assault.variant",
			"data/variants/manticore/manticore_Balanced.variant",
			"data/variants/manticore/manticore_luddic_path_Strike.variant",
			"data/variants/manticore/manticore_Outdated.variant",
			"data/variants/manticore/manticore_pirates_Assault.variant",
			"data/variants/manticore/manticore_pirates_Support.variant",
			"data/variants/manticore/manticore_Support.variant",
			
			"data/variants/enforcer/enforcer_Balanced.variant",
			"data/variants/enforcer/enforcer_CS.variant",
			"data/variants/enforcer/enforcer_d_pirates_Strike.variant",
			"data/variants/enforcer/enforcer_d_Strike.variant",
			"data/variants/enforcer/enforcer_Escort.variant",
			"data/variants/enforcer/enforcer_Fighter_Support.variant",
			"data/variants/enforcer/enforcer_Outdated.variant",
			"data/variants/enforcer/enforcer_Tutorial.variant",
			
			"data/variants/invictus/invictus_Standard.variant",
			"data/variants/invictus/invictus_Support.variant",
			
			"data/variants/centurion/centurion_Assault.variant",
			"data/variants/centurion/centurion_LG_Assault.variant",
			"data/variants/centurion/centurion_Starting.variant",
			
			"data/variants/grendel_Assault.variant",
			"data/variants/grendel_Support.variant",
			
			"data/variants/atlas_Standard.variant",
			"data/variants/prometheus_Super.variant",
			"data/variants/prometheus2_Standard.variant",
			
			"data/variants/shepherd_Starting.variant",
			
			"data/variants/warden_Defense.variant",
			
			"data/variants/sentry_FS.variant",
			
			"data/variants/hermes_FS.variant",
			
			"data/variants/vigilance_Support2.variant",
			"data/variants/vigilance_Support1.variant",
			"data/variants/vigilance_Strike.variant",
			"data/variants/vigilance_Starting.variant",
			"data/variants/vigilance_Standard.variant",
			"data/variants/vigilance_FS.variant",
			"data/variants/vigilance_AP.variant",
			
			"data/variants/hammerhead/hammerhead_Balanced.variant",
			"data/variants/hammerhead/hammerhead_d_CS.variant",
			"data/variants/hammerhead/hammerhead_DEM.variant",
			"data/variants/hammerhead/hammerhead_Elite.variant",
			"data/variants/hammerhead/hammerhead_LG_Balanced.variant",
			"data/variants/hammerhead/hammerhead_LG_Elite.variant",
			"data/variants/hammerhead/hammerhead_Overdriven.variant",
			"data/variants/hammerhead/hammerhead_Support.variant",
			"data/variants/hammerhead/hammerhead_Tutorial.variant",
			
			"data/variants/sunder/sunder_CS.variant",
			"data/variants/sunder/sunder_d_Assault.variant",
			"data/variants/sunder/sunder_LG_Assault.variant",
			"data/variants/sunder/sunder_LG_CS.variant",
			"data/variants/sunder/sunder_Overdriven.variant",
			"data/variants/sunder/sunder_Support.variant",
			
			"data/variants/lasher/lasher_Standard.variant",
			"data/variants/lasher/lasher_CS.variant",
			"data/variants/lasher/lasher_Overdriven.variant",
			"data/variants/lasher/lasher_Strike.variant",
			"data/variants/lasher/lasher_Starting.variant",
			"data/variants/lasher/lasher_PD.variant",
			"data/variants/lasher/lasher_luddic_path_Raider.variant",
			"data/variants/lasher/lasher_luddic_church_Standard.variant",
			"data/variants/lasher/lasher_d_CS.variant",
			
			"data/variants/conquest/conquest_DEM.variant",
			"data/variants/conquest/conquest_Elite.variant",
			"data/variants/conquest/conquest_Standard.variant",
			
			"data/variants/scarab/scarab_Experimental.variant",
			"data/variants/scarab/scarab_Starting.variant",
			
			"data/variants/medusa_Starting.variant",
			"data/variants/medusa_PD.variant",
			"data/variants/medusa_CS.variant",
			"data/variants/medusa_Attack.variant",
			
			"data/variants/wayfarer/wayfarer_Standard.variant",
			"data/variants/wayfarer/wayfarer_Starting.variant",
			
			"data/variants/odyssey_Balanced.variant",
			
			"data/variants/monitor_Escort.variant",
			
			"data/variants/paragon/paragon_Elite.variant",
			"data/variants/paragon/paragon_Escort.variant",
			"data/variants/paragon/paragon_Raider.variant",
			
			"data/variants/pegasus/executor_Elite.variant",
			"data/variants/pegasus/executor_Standard.variant",
			"data/variants/pegasus/pegasus_Balanced.variant",
			"data/variants/pegasus/pegasus_Strike.variant",
			
			"data/variants/mercury/mercury_Attack.variant",
			"data/variants/mercury/mercury_FS.variant",
			"data/variants/mercury/mercury_PD.variant",
			"data/variants/mercury/mercury_Standard.variant",
			
			"data/variants/champion/champion_Assault.variant",
			"data/variants/champion/champion_DEMEscort.variant",
			"data/variants/champion/champion_Elite.variant",
			"data/variants/champion/champion_Escort.variant",
			"data/variants/champion/champion_Strike.variant",
			"data/variants/champion/champion_Support.variant",
			
			"data/variants/mora/mora_Assault.variant",
			"data/variants/mora/mora_Strike.variant",
			"data/variants/mora/mora_Support.variant",
			"data/variants/mora/mora_Torpedo.variant",
			
			"data/variants/fury_Support.variant",
			"data/variants/fury_Attack.variant",
			
			"data/variants/gryphon/gryphon_DEM.variant",
			"data/variants/gryphon/gryphon_FS.variant",
			"data/variants/gryphon/gryphon_Standard.variant",
			
			"data/variants/doom_Support.variant",
			"data/variants/doom_Strike.variant",
			"data/variants/doom_Attack.variant",
			
			"data/variants/shrike_Support.variant",
			"data/variants/shrike_p_Attack.variant",
			"data/variants/shrike_Attack.variant",
			
			"data/variants/aurora/aurora_Assault.variant",
			"data/variants/aurora/aurora_Attack.variant",
			"data/variants/aurora/aurora_Balanced.variant",
			"data/variants/aurora/aurora_Strike.variant",
			"data/variants/aurora/aurora_Support.variant",
			
			"data/variants/astral_Strike.variant",
			"data/variants/astral_Elite.variant",
			"data/variants/astral_Attack.variant",

			"data/variants/drover_Starting.variant",
			"data/variants/drover_Strike.variant",
			"data/variants/drover_Support.variant",
			
			"data/variants/brawler_Support.variant",
			"data/variants/brawler_Starting.variant",
			"data/variants/brawler_LG_Elite.variant",
			
			#"data/variants/brawler/brawler_tritachyon_Standard.variant",
			
			"data/variants/condor_Support.variant",
			"data/variants/condor_Strike.variant",
			"data/variants/condor_Attack.variant",
			
			"data/variants/derelict/guardian_Standard.variant",
			"data/variants/derelict/rampart_Standard.variant",
			#"data/variants/picket_Assault.variant",
			#"data/variants/berserker_Assault.variant",
			"data/variants/sentry_FS.variant",
			"data/variants/warden_Defense.variant",
			
			"data/variants/buffalo/buffalo_d_Standard.variant",
			"data/variants/buffalo/buffalo_hegemony_Standard.variant",
			"data/variants/buffalo/buffalo_luddic_church_Standard.variant",
			"data/variants/buffalo/buffalo_pirates_Standard.variant",
			"data/variants/buffalo/buffalo_Standard.variant",
			"data/variants/buffalo/buffalo_tritachyon_Standard.variant",
			
			"data/variants/colossus_Standard.variant",
			"data/variants/colossus2_Pather.variant",
			"data/variants/colossus3_Pirate.variant",
			
			"data/variants/retribution/retribution_Standard.variant",
			
			"data/variants/legion/legion_Assault.variant",
			"data/variants/legion/legion_Escort.variant",
			"data/variants/legion/legion_FS.variant",
			"data/variants/legion/legion_Strike.variant",
			"data/variants/legion/legion_xiv_Automated.variant",
			"data/variants/legion/legion_xiv_Elite.variant",
			
			"data/variants/hound/hound_d_pirates_Standard.variant",
			"data/variants/hound/hound_d_Standard.variant",
			"data/variants/hound/hound_hegemony_Standard.variant",
			"data/variants/hound/hound_luddic_church_Standard.variant",
			"data/variants/hound/hound_luddic_path_Attack.variant",
			"data/variants/hound/hound_Standard.variant",
			"data/variants/hound/hound_Starting.variant",
			
			"data/variants/cerberus/cerberus_Hardened.variant",
			"data/variants/cerberus/cerberus_Standard.variant",
			"data/variants/cerberus/cerberus_Starting.variant",
			"data/variants/cerberus/cerberus_d_pirates_Standard.variant",
			"data/variants/cerberus/cerberus_d_Standard.variant",
			
			"data/variants/vanguard/vanguard_Attack.variant",
			"data/variants/vanguard/vanguard_Outdated.variant",
			"data/variants/vanguard/vanguard_Outdated2.variant",
			"data/variants/vanguard/vanguard_pirates_Attack.variant",
			
			"data/variants/dominator/dominator_Fighter_Support.variant",
			"data/variants/dominator/dominator_AntiCV.variant",
			"data/variants/dominator/dominator_Support.variant",
			"data/variants/dominator/dominator_Outdated.variant",
			
			"data/variants/eradicator/eradicator_Assault.variant",
			"data/variants/eradicator/eradicator_Fighter_Support.variant",
			"data/variants/eradicator/eradicator_Outdated.variant",
			"data/variants/eradicator/eradicator_Outdated2.variant",
			"data/variants/eradicator/eradicator_Overdriven.variant",
			"data/variants/eradicator/eradicator_pirates_Attack.variant",
			"data/variants/eradicator/eradicator_pirates_Overdriven.variant",
			"data/variants/eradicator/eradicator_Strike.variant",
			"data/variants/eradicator/eradicator_Support.variant",
			
			"data/variants/venture/venture_Balanced.variant",
			"data/variants/venture/venture_p_Pirate.variant",
			
			"data/variants/onslaught/onslaught_mk1_Ancient.variant",
			"data/variants/onslaught/onslaught_Outdated.variant",
			"data/variants/onslaught/onslaught_Standard.variant",
			"data/variants/onslaught/onslaught_Elite.variant",
			"data/variants/onslaught/onslaught_xiv_Elite.variant",
			
			"data/variants/gemini_Standard.variant",
			"data/variants/dram_Light.variant",
			"data/variants/starliner_Standard.variant",
			"data/variants/nebula_Standard.variant",
			"data/variants/crig_Standard.variant",
			"data/variants/shepherd_Frontier.variant",
			"data/variants/buffalo2_FS.variant",
			"data/variants/buffalo2_Fighter_Support.variant",
			
			"data/variants/apogee_Balanced.variant",
			"data/variants/apogee_Starting.variant",
			
			"data/variants/harbinger/harbinger_Strike.variant",
			
			"data/variants/afflictor_Strike.variant",
			"data/variants/shade_Assault.variant",
			
			"data/variants/heron_Strike.variant",
			"data/variants/heron_Attack1.variant",
			"data/variants/heron_Attack2.variant",
			
			"data/variants/omen_PD.variant",
			
			"data/variants/tempest_Attack.variant",
			"data/variants/tempest_Starting.variant",
			
			"data/variants/anubis/anubis_Standard.variant",
			
			"data/variants/falcon/falcon_Attack.variant",
			"data/variants/falcon/falcon_CS.variant",
			"data/variants/falcon/falcon_d_CS.variant",
			"data/variants/falcon/falcon_Escort.variant",
			"data/variants/falcon/falcon_LG_Attack.variant",
			"data/variants/falcon/falcon_LG_CS.variant",
			"data/variants/falcon/falcon_p_Strike.variant",
			"data/variants/falcon/falcon_xiv_Elite.variant",
			"data/variants/falcon/falcon_xiv_Escort.variant",
		],
}
