id,type,text1,text2,text3,text4,text5,notes
lightmortar_fighter,WEAPON,"An antiquated weapon that launches anti-armor rounds at a low rate of fire, muzzle velocity, and range. Low flux buildup is the lone saving grace.",,,,,
#warthog,SHIP,"Boasting superb armor with firepower to match, the Warthog is capable of trading blows with larger ships, but lacks shield-breaking weapons. An accelerated ammo feed increases its initial damage. Allowing it to rip and tear enemies ill-prepared for its arrival.",,,,,
warthog,SHIP,"Boasting superb armor with firepower to match, the Warthog is capable of trading blows with larger ships, but lacks shield-breaking weapons. A decoy flare launcher helps draw fire away from its more vulnerable allies.",,,,,
,,,,,,,
miningblaster,WEAPON,"The miner's best friend, this weapon can deliver pulverizing bolts of energy at medium range, albeit at extreme cost in flux.",,,,,
grendel,SHIP,"An ill-fated design from the start, the Wendigo was originally planned as a heavy phase droneship. Casualties would be irrelevant and routine damage anticipated, for this ship is a brawler which can phase-shift through a first wave of hostile ordnance to appear in the midst of the enemy battle line ready to unleash missiles and heavy firepower. The trick is, of course, performing this maneuver safely by carefully juggling flux-load and positioning, though its service record demonstrates that nothing is particularly safe about the Wendigo.  

The brainchild of an eccentric admiral who managed to capture procurement authority over an entire frontier sector, the first prototypes were installed with low-level AI core commanders. The AIs became rapidly unstable, even erratic, after only a handful of phase shifts. Subsequently, the precise details of these experiments were suppressed by an obscure intelligence ministry of the Domain and the project saved only by the admiral's personal intervention. With AI unsuitable, the next best disposable resource was tapped, and the Wendigo saw its first combat service on the far fringes crewed almost entirely by Domain Armada penal battalions.",,,,,