{
	"starSystem":"canaan",
	"markets":[
		{
			"entities":["gilead"],
			"faction":"luddic_church",
			"size":7,
			"startingConditions":[
				#"terran",
				#"organics_complex",
				#"ore_complex",
				#"cottage_industry",
				"luddic_majority",
				"population_7",
				#"regional_capital",
				"habitable",
				"mild_climate",
				"ore_moderate",
				"farmland_rich",
				"organics_abundant",
				"ruins_widespread",
			],
			"industries":[
				"population",
				"megaport",
				"farming",
				"commerce",
				#"mining",
				"grounddefenses",
				"patrolhq",
				"starfortress",
			],
		},
		{
			"entities":["asher"],
			"faction":"luddic_church",
			"size":5,
			"startingConditions":[
				#"outpost",
				#"ore_refining_complex",
				#"ore_complex",
				"population_5",
				#"rare_ore_moderate",
				"luddic_majority",
				"ore_abundant",
				"thin_atmosphere",
				"extreme_weather",
				"pollution",
			],
			"industries":[
				"population",
				"grounddefenses",
				"spaceport",
				"mining",
				"refining",
				["orbitalworks", "corrupted_nanoforge"],
			],
		},
	],
	
}



