id,type,text1,text2,text3,text4,text5,notes
lightmortar_fighter,WEAPON,"An antiquated weapon that launches anti-armor rounds at a low rate of fire, muzzle velocity, and range. Low flux buildup is the lone saving grace.",,,,,
#warthog,SHIP,"Boasting superb armor with firepower to match, the Warthog is capable of trading blows with larger ships, but lacks shield-breaking weapons. An accelerated ammo feed increases its initial damage. Allowing it to rip and tear enemies ill-prepared for its arrival.",,,,,
warthog,SHIP,"Boasting superb armor with firepower to match, the Warthog is capable of trading blows with larger ships, but lacks shield-breaking weapons. A decoy flare launcher helps draw fire away from its more vulnerable allies.",,,,,
,,,,,,,
miningblaster,WEAPON,"The miner's best friend, this weapon can deliver pulverizing bolts of energy at medium range, albeit at extreme cost in flux.",,,,,
,,,,,,,
snowball,SHIP,"Enforcer was a ship commonly killed en masse during the AI Wars. In fact one of the most killed ones. The crews of which were decimated over and over in concentrated missile attacks from all directions. The most insane thought was to learn how to recycle these dead wrecks into something more useful than machinery and supplies. So, here we are.",,,,,
,,,,,,,
phasecl,WEAPON,"Deploys low-velocity proximity charges with an impressive blast radius. Especially devastating against fighters, but also effective vs armored targets.",,,,,
,,,,,,,
wasp,SHIP,"Fast and nimble, Wasp drones typically outnumber and easily swarm enemy fighter formations while their Stinger mines prevent stragglers from getting through. Faced with point-defense weaponry, their fragility begins to tell.",,,,,
mining_drone,SHIP,"Sturdy and uncrewed, the Mining Pod can provide a bit of a distraction and a bit of fire support, and not much else.",,,,,
,,,,,,,
drone_strike,SHIP_SYSTEM,"Supercharges one of the Terminator drones with a brief energy transfer. The drone tracks a nearby target like a missile, dealing massive damage on impact.",Offensive,"Supercharges one of the Terminator drones and sends it after a target. The drone deals 1000 Energy damage and 500 EMP damage on impact, and charging it generates 1000 flux.",1000 Energy | 1000 EMP | 500,Each drone deals {{1000 Energy}} damage and {{500 EMP}} damage on impact.,
temporalshell,SHIP_SYSTEM,"Speeds up the flow of time on board the ship. Generates a significant amount of flux when used.

Research on prolonged exposure to the effect was described as 'worrying' and quietly halted.",Special,Speeds up the flow of time on board the ship. Generates a significant amount of flux when used.,,Time passes at up to {{two}} times the normal rate on board the ship.,