{
	"starSystem":"algebbar",
	"markets":[
		{
			"entities":["epiphany"],
			"faction":"luddic_path",
			"size":4,
			"startingConditions":[
				#"cottage_industry",
				"luddic_majority",
				"population_4",
				"ore_sparse",
				"volatiles_trace",
				"no_atmosphere",
				"cold",
				"low_gravity",
			],
			"industries":[
				"population",
				"megaport",
				"waystation",
				"mining",
				#"lightindustry",
				"orbitalworks",
				"battlestation",
				"heavybatteries",
				"militarybase",
			],
		},
	],
}



