{
	"starSystem":"arcadia",
	"markets":[
		{
			"entities":["nomios"],
			"faction":"independent",
			"size":3,
			"startingConditions":[
				"population_3",
				"volatiles_abundant",
				"organics_trace",
				"thin_atmosphere",
				"cold",
			],
			"industries":[
				"population",
				"megaport",
				"waystation",
				["starfortress_high", "gamma_core"],
				"heavybatteries",
				"militarybase",
				"cryosanctum",
			],
		},
		{
			"entities":["arcadia_station"],
			"faction":"hegemony",
			"size":4,
			"startingConditions":[
				"population_4",
				"volatiles_abundant",
				"cold",
			],
			"industries":[
				"population",
				"megaport",
				"waystation",
				"mining",
				"lightindustry",
				"battlestation",
				"heavybatteries",
				"militarybase",
			],
		},
		{
			"entities":["agreus"],
			"faction":"independent",
			"size":5,
			#"freePort":true,
			"startingConditions":[
				#"shipbreaking_center",
				"ruins_extensive",
				"population_5",
				"ore_sparse",
				"volatiles_trace",
				"cold",
				"no_atmosphere",
			],
			"industries":[
				"population",
				"megaport",
				"waystation",
				"techmining",
				"refining",
				"heavyindustry",
				"battlestation",
				"heavybatteries",
				"militarybase",
			],
		},
	],


}



