{
	"starSystem":"aztlan",
	"markets":[
		{
			"entities":["chicomoztoc", "aztlan_starport"],
			"faction":"hegemony",
			"size":8,
			"startingConditions":[
				"pollution",
				"population_8",
				"farmland_poor",
				"ore_moderate",
				"rare_ore_rich",
				"thin_atmosphere",
				"habitable",
			],
			"industries":[
				"population",
				"megaport",
				"waystation",
				"mining",
				"refining",
				"lightindustry",
				["orbitalworks", "pristine_nanoforge"],
				"starfortress",
				"heavybatteries",
				"patrolhq",
			],
		},
		{
			"entities":["coatl", "coatl_station"],
			"faction":"hegemony",
			"size":5,
			"startingConditions":[
				"population_5",
				"no_atmosphere",
				"ore_sparse",
				"cold",
			],
			"industries":[
				"population",
				"megaport",
				"waystation",
				#"mining",
				#"refining",
				#this actually makes sense, it keeps away Pathers
				"battlestation",
				"heavybatteries",
				"highcommand",
			],
		},
	],

}



