{
	"starSystem":"eos",
	"markets":[
		{
			"entities":["tartessus"],
			"faction":"luddic_church",
			"size":7,
			"startingConditions":[
				"luddic_majority",
				"population_7",
				"farmland_adequate",
				"ore_sparse",
				"organics_trace",
				"habitable",
			],
			"industries":[
				"population",
				"megaport",
				"waystation",
				"farming",
				"lightindustry",
				"commerce",
				"battlestation",
				"heavybatteries",
				"patrolhq",
			],
		},
		{
			"entities":["baetis"],
			"faction":"independent",
			"size":5,
			"startingConditions":[
				"population_5",
				"volatiles_trace",
				"thin_atmosphere",
				"low_gravity",
				"ore_sparse",
			],
			"industries":[
				"population",
				"megaport",
				"waystation",
				"mining",
				"lightindustry",
				#"fuelprod",
				"commerce",
				"heavybatteries",
				"battlestation",
				"militarybase",
			],
		},
		{
			"entities":["hesperus"],
			"faction":"luddic_church",
			"size":5,
			"startingConditions":[
				"luddic_majority",
				"population_5",
				"rare_ore_moderate",
				"ore_abundant",
				"organics_abundant",
				"thin_atmosphere",
				"cold",
			],
			"industries":[
				"population",
				"megaport",
				"waystation",
				"mining",
				"refining",
				"lightindustry",
				"starfortress_mid",
				"heavybatteries",
				"highcommand",
			],
		},
	],


}



