{
	"starSystem":"isirah",
	"markets":[
		{
			"entities":["laicaille_habitat"],
			"faction":"persean",
			"size":4,
			"startingConditions":[
				"population_4",
				"ore_abundant",
			],
			"industries":[
				"population",
				"megaport",
				"waystation",
				"battlestation",
				"mining",
				"commerce",
				"heavybatteries",
				"militarybase",
			],
		},
		{
			"entities":["station_kapteyn"],
			"faction":"pirates",
			"size":4,
			"freePort":true,
			"startingConditions":[
				"population_4",
			],
			"industries":[
				"population",
				"megaport",
				"waystation",
				"refining",
				["orbitalworks", "corrupted_nanoforge"],
				"starfortress",
				"heavybatteries",
				"militarybase",
			],
		},
	]
}



