{
	"starSystem":"magec",
	"markets":[
		{
			"entities":["new_maxios"],
			"faction":"independent",
			"size":5,
			"startingConditions":[
				"population_5",
				"hot",
			],
			"industries":[
				"population",
				"megaport",
				"waystation",
				"refining",
				"lightindustry",
				"orbitalworks",
				#"commerce",
				"battlestation_high",
				"heavybatteries",
				"patrolhq",
			],
		},
		{
			"entities":["kantas_den"],
			"faction":"pirates",
			"size":4,
			"startingConditions":[
				"stealth_minefields",
				"population_4",
				"ore_moderate",
				"hot",
			],
			"industries":[
				"population",
				"megaport",
				"waystation",
				"mining",
				"commerce",
				"starfortress",
				"heavybatteries",
				"patrolhq",
			],
		},
		{
			"entities":["tibicena", "achaman_enterprise_station"],
			"faction":"tritachyon",
			"size":5,
			#"freePort":true,
			"startingConditions":[
				"rare_ore_rich",
				"ore_rich",
				"population_5",
				"no_atmosphere",
				"tectonic_activity",
				"high_gravity",
			],
			"industries":[
				"population",
				"megaport",
				"waystation",
				"mining",
				"refining",
				#"fuelprod",
				"commerce",
				"starfortress_high",
				"heavybatteries",
				"highcommand",
			],
		},		
	],


}



