{
	"starSystem":"mayasura",
	"markets":[
		{
			"entities":["mairaath"],
			"faction":"persean",
			"size":5,
			"startingConditions":[
				"population_5",
				"ruins_vast",
				"farmland_poor",
				"extreme_weather",
				"hot",
				"habitable",
			],
			"industries":[
				"population",
				"megaport",
				"waystation",
				"farming",
				"techmining",
				"lightindustry",
				#"commerce",
				"heavybatteries",
				"militarybase",
			],
		},
		{
			"entities":["mairaath_abandoned_station2"],
			"faction":"pirates",
			"size":4,
			"freePort":true,
			"startingConditions":[
				#"organized_crime",
				#"large_refugee_population",
				"population_4",
			],
			"industries":[
				"population",
				"megaport",
				"waystation",
				"lightindustry",
				"fuelprod",
				#"commerce",
				"starfortress",
				"heavybatteries",
				"highcommand",
			],
		},
		{
			"entities":["port_tse"],
			"faction":"tritachyon",
			"size":4,
			"freePort":true,
			"startingConditions":[
				"rare_ore_rich",
				"ore_abundant",
				"population_4",
			],
			"industries":[
				"population",
				"megaport",
				"waystation",
				"mining",
				"refining",
				#"commerce",
				"battlestation",
				"heavybatteries",
				"highcommand", # TODO: mercenary center
			],
		},	
	],
	
}



