{
	"starSystem":"naraka",
	"markets":[
		{
			"entities":["yama"],
			"faction":"hegemony",
			"size":6,
			"startingConditions":[
				"population_6",
				"farmland_poor",
				"habitable",
				"hot",
			],
			"industries":[
				"population",
				"megaport",
				"waystation",
				"farming",
				"refining",
				"lightindustry",
				"commerce",
				"battlestation",
				"heavybatteries",
				"militarybase",
			],
		},
		{
			"entities":["nachiketa"],
			"faction":"hegemony",
			"size":5,
			"startingConditions":[
				"population_5",
				"ore_sparse",
				"no_atmosphere",
				"hot",
			],
			"industries":[
				"population",
				"megaport",
				"waystation",
				"mining",
				"refining",
				["fuelprod", "synchrotron"],
				"battlestation_mid",
				"heavybatteries",
				"highcommand",
			],
		},
	],
	
}



