{
	"starSystem":"tyle",
	"markets":[
		{
			"entities":["cibola"],
			"faction":"persean",
			"size":5,
			"startingConditions":[
				"population_5",
				"farmland_poor",
				"habitable",
				"organics_trace",
				"hot",
			],
			"industries":[
				"population",
				"megaport",
				"waystation",
				"mining",
				"refining",
				"lightindustry",
				"battlestation_mid",
				"heavybatteries",
				"patrolhq",
			],
		},
		{
			"entities":["madeira"],
			"faction":"persean",
			"size":6,
			"startingConditions":[
				"regional_capital",
				"population_6",
				"farmland_poor",
				"volatiles_diffuse",
				"habitable",
				"cold",
			],
			"industries":[
				"population",
				"megaport",
				"waystation",
				"farming",
				"mining",
				"fuelprod",
				["commerce", "dealmaker_holosuite"],
				"starfortress",
				"heavybatteries",
				"highcommand",
			],
		},
	],


}



