{
	"starSystem":"yma",
	"markets":[
		{
			"entities":["qaras"],
			"faction":"pirates",
			"size":5,
			"startingConditions":[
				"population_5",
				"farmland_adequate",
				"volatiles_diffuse",
				"organics_common",
				"cold",
				#"extreme_weather",
				"habitable",
			],
			"industries":[
				"population",
				"megaport",
				"waystation",
				"farming",
				"mining",
				"heavyindustry",
				"battlestation_high",
				#"commerce",
				["heavybatteries", "drone_replicator"],
				"highcommand",
			],
		},
		{
			"entities":["salamanca"],
			"faction":"persean",
			"size":5,
			"freePort":true,
			"startingConditions":[
				"dense_atmosphere",
				"organics_plentiful",
				"farmland_poor",
				"population_5",
				"cold",
				"extreme_weather",
			],
			"industries":[
				"population",
				"megaport",
				"waystation",
				"farming",
				"mining",
				"lightindustry",
				"battlestation_mid",
				"heavybatteries",
				"militarybase",
			],
		},
	],


}



