{
	"starSystem":"zagan",
	"markets":[
		{
			"entities":["mazalot"],
			"faction":"persean",
			"size":7,
			"startingConditions":[
				"luddic_majority",
				"population_7",
				"farmland_adequate",
				"hot",
				"habitable",
			],
			"industries":[
				"population",
				"megaport",
				"waystation",
				"farming",
				"lightindustry",
				"commerce",
				"battlestation_mid",
				"heavybatteries",
				"patrolhq",
			],
		},
		{
			"entities":["ilm"],
			"faction":"independent",
			"size":5,
			"startingConditions":[
				"population_5",
				"volatiles_diffuse",
				"thin_atmosphere",
				"tectonic_activity",
				"cold",
			],
			"industries":[
				"population",
				"megaport",
				"waystation",
				"mining",
				"lightindustry",
				"commerce",
				"battlestation",
				"heavybatteries",
				"militarybase",
			],
		},
		{
			"entities":["yesod"],
			"faction":"persean",
			"size":5,
			"freePort":true,
			"startingConditions":[
				"population_5",
				"cold",
				"low_gravity",
				"no_atmosphere",
				"ore_sparse",
			],
			"industries":[
				"population",
				"megaport",
				"waystation",
				"lightindustry",
				"fuelprod",
				"commerce",
				"starfortress_high",
				"heavybatteries",
				"highcommand",
			],
		},
	],


}



