{
	"starSystem":"valhalla",
	"markets":[
#		{
#			"entities":["ratatosk"],
#			"faction":"hegemony",
#			"size":5,
#			"startingConditions":[
#				"frontier",
#				"organized_crime",
#				"vice_demand",
#				"autofac_heavy_industry",
#				"hydroponics_complex",
#				"ore_refining_complex",
#				"population_5",
#				"ruins_scattered",
#				"no_atmosphere",
#				"ore_sparse",
#			],
#		},
		{
			"entities":["raesvelg"],
			"faction":"hegemony",
			"size":5,
			"startingConditions":[
				"thin_atmosphere",
				"very_cold",
				"population_5",
				"volatiles_abundant",
				#"frontier",
				#"vice_demand",
				"ruins_scattered",
			],
			"industries":[
				"population",
				"spaceport",
				"mining",
				"refining",
				"orbitalworks",
				"heavybatteries",
				"patrolhq",
				"waystation",
				#"orbitaldepot",
			],
		},
#		{
#			"entities":["mimir_platform"],
#			"faction":"tritachyon",
#			"size":4,
#			"parent":"skathi",
#			"startingConditions":[
#				"volatiles_complex",
#				#"volatiles_complex",
#				"outpost",
#				"population_4",
#				"volatiles_plentiful",
#				"orbital_station",
#			],
#		},
		{
			"entities":["skathi","mimir_platform"],
			"faction":"tritachyon",
			"size":4,
			#"freePort":true,
			"startingConditions":[
				"population_4",
				"volatiles_plentiful",
				"very_cold",
			],
			"industries":[
				"population",
				#"spaceport",
				"mining",
				"grounddefenses",
				#"patrolhq",
				"orbitalstation",
				"megaport",
				"militarybase",
				"heavyindustry",
			],
		},
		{
			"entities":["ragnar_complex"],
			"faction":"hegemony",
			"size":5,
			"startingConditions":[
				"population_5",
				#"stealth_minefields",
			],
			"industries":[
				"population",
				"spaceport",
				"grounddefenses",
				"militarybase",
				"battlestation",
			],
		},
	],


}



