name,id,type,tags,activationDays,activationCooldown,durationDays,deactivationDays,deactivationCooldown,unlockedAtStart,defaultForAIFleet,musicSuppression,uiOn,uiOff,uiLoop,worldOn,worldOff,worldLoop,icon,plugin,ai,desc,sortOrder
Transponder,transponder,TOGGLE,stealth-,,,,0.2,,TRUE,TRUE,,ui_transponder_on,ui_transponder_off,,,,,graphics/icons/abilities/transponder.png,com.fs.starfarer.api.impl.campaign.abilities.TransponderAbility,com.fs.starfarer.api.impl.campaign.abilities.ai.TransponderAbilityAI,Broadcast your identity; required for legal trade.,100
Go Dark,go_dark,TOGGLE,"stealth+, burn-",0.2,,,,,TRUE,TRUE,,ui_go_dark_on,ui_go_dark_off,,world_go_dark_on,world_go_dark_off,,graphics/icons/abilities/go_dark.png,com.fs.starfarer.api.impl.campaign.abilities.GoDarkAbility,com.fs.starfarer.api.impl.campaign.abilities.ai.GoDarkAbilityAI,Reduce sensor profile at the cost of burn level.,200
Active Sensor Burst,sensor_burst,DURATION,"stealth-, burn-, sensors+",0.2,,0.2,0.2,2,TRUE,TRUE,,ui_sensor_burst_on,,,world_sensor_burst_on,,,graphics/icons/abilities/sensor_burst.png,com.fs.starfarer.api.impl.campaign.abilities.SensorBurstAbility,com.fs.starfarer.api.impl.campaign.abilities.ai.SensorBurstAbilityAI,"Stop and increase detection range, fleet is more detectable.",300
Emergency Burn,emergency_burn,DURATION,"burn+, stealth-, sensors-",0.5,,1.4,0.5,2,TRUE,TRUE,1,ui_emergency_burn_on,ui_emergency_burn_off,ui_emergency_burn_loop,world_emergency_burn_on,world_emergency_burn_off,world_emergency_burn_loop,graphics/icons/abilities/emergency_burn.png,com.fs.starfarer.api.impl.campaign.abilities.EmergencyBurnAbility,com.fs.starfarer.api.impl.campaign.abilities.ai.EmergencyBurnAbilityAI,Briefly boost burn level at the cost of fuel and combat readiness.,400
Sustained Burn,sustained_burn,TOGGLE,"burn+, stealth-",0.1,,,0.1,,TRUE,TRUE,,ui_sustained_burn_on,ui_sustained_burn_off,ui_sustained_burn_loop,world_sustained_burn_on,world_sustained_burn_off,,graphics/icons/abilities/travel_drive.png,com.fs.starfarer.api.impl.campaign.abilities.SustainedBurnAbility,com.fs.starfarer.api.impl.campaign.abilities.ai.SustainedBurnAbilityAI,Boost burn level at the cost of acceleration and wind-up time.,500
Interdiction Pulse,interdiction_pulse,DURATION,"burn-, stealth-, sensors+",0.15,,0.001,,2,TRUE,TRUE,,ui_interdict_on,ui_interdict_off,ui_interdict_loop,world_interdict_on,world_interdict_off,world_interdict_loop,graphics/icons/abilities/interdiction_pulse.png,com.fs.starfarer.api.impl.campaign.abilities.InterdictionPulseAbility,com.fs.starfarer.api.impl.campaign.abilities.ai.InterdictionPulseAbilityAI,Slow down another fleet heading towards the source of the pulse.,650