id,name,cost mult,build time,income,upkeep,downgrade,upgrade,tags,data,image,plugin,desc,order,disruptDanger
lightindustry,Light Industry,45,90,,4,,,"lightindustry, industry, rural",,graphics/icons/industry/light_industry.png,com.fs.starfarer.api.impl.campaign.econ.impl.LightIndustry,Produces domestic and luxury goods. One of the few industries relatively unaffected by the Collapse due to its low-tech nature.,1400,MEDIUM
heavyindustry,Heavy Industry,100,120,,6,,orbitalworks,"heavyindustry, uses_blueprints, industry, industrial",,graphics/icons/industry/heavy_industry.png,com.fs.starfarer.api.impl.campaign.econ.impl.HeavyIndustry,"Centralized manufacturing infrastructure for production of heavy industrial equipment, supplies, and weapons. Also capable of producing barely-spaceworthy starships; a nanoforge can be installed to improve production quality.",1600,HIGH
orbitalworks,Orbital Works,60,150,,6,heavyindustry,,"heavyindustry, uses_blueprints, industry, industrial",,graphics/icons/industry/orbital_works.png,com.fs.starfarer.api.impl.campaign.econ.impl.HeavyIndustry,"Centralized manufacturing infrastructure for production of heavy industrial equipment, supplies, and weapons. Also capable of producing barely-spaceworthy starships; a nanoforge can be installed to improve production quality.

Upgraded with an orbital component that further facilitates ship construction, resulting in fewer manufacturing defects.",1700,HIGH
fuelprod,Fuel Production,90,120,,5,,,"fuelprod, industry, industrial",,graphics/icons/industry/fuel_production.png,com.fs.starfarer.api.impl.campaign.econ.impl.FuelProduction,"This facility produces starship fuel, the life-blood of interstellar civilization. Lacking Domain-tech components, fuel production is a laborious and slow process.",1800,HIGH
,,,,,,,,,,,,,,
patrolhq,Patrol HQ,60,60,,8,,militarybase,"patrol, unraidable, tactical_bombardment, structure",,graphics/icons/industry/patrol_hq.png,com.fs.starfarer.api.impl.campaign.econ.impl.MilitaryBase,"The requisite hangars, maintenance bays, command/control center, barracks, and logistics operations required to project force throughout a star system. Once established, militarized patrols will hunt pirates and protect friendly convoys.",2400,
militarybase,Military Base,90,120,,10,patrolhq,highcommand,"military, unraidable, tactical_bombardment, structure",,graphics/icons/industry/military_base.png,com.fs.starfarer.api.impl.campaign.econ.impl.MilitaryBase,"These facilities enable force projection between star systems. Any such military undertaking is a massive logistical operation requiring coordination of dozens, perhaps hundreds of star ships and thousands of officers, crew, and soldiers.",2500,
highcommand,High Command,30,120,,14,militarybase,,"command, unraidable, tactical_bombardment, structure",,graphics/icons/industry/high_command.png,com.fs.starfarer.api.impl.campaign.econ.impl.MilitaryBase,Transtellar empire is possible only through an exceptional corps of officers and bureaucrats given authority over the resources of entire star systems. An established high command allows military operations to be organized and executed across the Sector.,2600,
lionsguard,Lion's Guard HQ,90,60,,12,,,"military, unraidable, tactical_bombardment, structure, codex_unlockable",,graphics/icons/industry/lions_guard.png,com.fs.starfarer.api.impl.campaign.econ.impl.LionsGuardHQ,"Headquarters of the feared personal guard of Phillip ""The Lion of Sindria"" Andrada. Boasting superb training and access to the best equipment credits can buy, the fanatical loyalty of the Guard is maintained through a system of perks and incentives that both elevate and isolate the Guard from the Diktat's regular military.",2650,