name,id,flux/second,f/s (base rate),f/s (base cap),flux/use,f/u (base rate),f/u (base cap),cr/u,max uses,regen,charge up,active,down,cooldown,toggle,noDissipation,noHardDissipation,hardFlux,noFiring,noTurning,noStrafing,noAccel,noShield,noVent,isPhaseCloak,tags,icon
Recall Device,recalldevice,,,,,,0.5,,,,0.5,,0.5,1,,,,,,,,,,,,,graphics/icons/hullsys/recall_device.png
,,,,,,,,,,,,,,,,,,,,,,,,,,,
Canister Flak,canister_flak,,,,,,,,2,0.025,,,,6,,,,,,,,,,,,defensive,graphics/icons/hullsys/canister_flak.png
Flare Launcher,flarelauncher,,,,,,,,5,,,,,10,,,,,,,,,,,,defensive,graphics/icons/hullsys/flare_launcher.png
Active Flare Launcher,flarelauncher_active,,,,,,0.1,,,,,,,10,,,,,,,,,,,,defensive,graphics/icons/hullsys/active_flare_launcher.png
,,,,,,,,,,,,,,,,,,,,,,,,,,,
Mine Strike,mine_strike,,,,,,0.1,,2,0.1,0.25,,0.25,0,,,,,,,,,,,,offensive,graphics/icons/hullsys/mine_strike.png
Mine Strike,mine_strike_station,,,,,,0,,3,0.167,0.25,,0.25,0,,,,,,,,,,,,offensive,graphics/icons/hullsys/station_mine_strike.png