{
	"starSystem":"parkapec",
	"markets":[
		{
			"entities":["marko"],
			"faction":"hegemony",
			"size":4,
			"startingConditions":[
				"population_4",
				"water_surface",
				"habitable",
				"pollution",
				"ruins_scattered",
				"organics_abundant",
			],
			"industries":[
				"population",
				"spaceport",
				"aquaculture",
				#"mining",
				"heavybatteries",
				"militarybase",
				#"orbitalstation",
			],
		},
		{
			"entities":["new_bebop", "grozel_station"],
			"faction":"luddic_church",
			"size":4,
			#"freePort":true,
			"startingConditions":[
				"population_4",
				"luddic_majority",
				"ore_moderate",
				"organics_common",
				"extreme_weather",
				"dense_atmosphere",
				"hot",
			],
			"industries":[
				"population",
				"spaceport",
				"mining",
				"orbitalstation",
				"grounddefenses",
			],
		},
	],
}



