{
	"starSystem":"morokoon",
	"markets":[
		{
			"entities":["yendore"],
			"faction":"persean",
			"size":5,
			"freePort":true,
			"startingConditions":[
				"population_5",
				"ore_moderate",
				"hot",
				"extreme_weather",
				"habitable",
			],
			"industries":[
				"population",
				"megaport",
				#"mining",
				"lightindustry",
				"commerce",
				"heavybatteries",
				"militarybase",
				#"starfortress",
			],
		},
		{
			"entities":["arbakan"],
			"faction":"persean",
			"size":3,
			"freePort":false,
			"startingConditions":[
				"population_3",
				"volatiles_diffuse",
				"organics_common",
				"tectonic_activity",
				"cold",
			],
			"industries":[
				"population",
				"spaceport",
				"mining",
				#"patrolhq",
				"grounddefenses",
			],
		},
	],
}


