{
	"starSystem":"syzygy",
	"markets":[
		{
			"entities":["gagner"],
			"faction":"luddic_church",
			"size":4,
			"startingConditions":[
				"luddic_majority",
				"population_4",
				"ruins_widespread",
				"farmland_poor",
				"ore_moderate",
				"organics_common",
				"cold",
				"habitable",
			],
			"industries":[
				"population",
				"spaceport",
				"farming",
				"techmining",
				"heavybatteries",
				"patrolhq",
			],
		},
		{
			"entities":["memory"],
			"faction":"tritachyon",
			"size":3,
			"freePort":true,
			"startingConditions":[
				"population_3",
				"rare_ore_sparse",
				"organics_common",
				"tectonic_activity",
				"very_cold",
				"low_gravity",
			],
			"industries":[
				"population",
				"spaceport",
				"orbitalstation_high",
				"militarybase",
				"heavybatteries",
			],
		},
	],
}