{
	"starSystem":"aztlan",
	"markets":[
		{
			"entities":["chicomoztoc", "aztlan_starport"],
			"faction":"hegemony",
			"size":8,
			"startingConditions":[
				#"barren_marginal",
				#"urbanized_polity",
				#"hydroponics_complex",
				#"orbital_station",
				#"organized_crime",
				"population_8",
				"habitable",
				"thin_atmosphere",
				"ore_moderate",
				#"rare_ore_sparse",
				"farmland_poor",
				"rare_ore_rich",
				"pollution",
			],
			"industries":[
				"population",
				"farming",
				"megaport",
				"mining",
				"refining",
				["orbitalworks", "pristine_nanoforge"],
				#"lightindustry",
				"starfortress",
				"heavybatteries",
				"patrolhq",
			],
		},
		{
			"entities":["coatl", "coatl_station"],
			"faction":"hegemony",
			"size":5,
			"startingConditions":[
				"population_5",
				"very_cold",
				"no_atmosphere",
				"low_gravity",
				"ore_sparse",
			],
			"industries":[
				"population",
				"spaceport",
				"heavybatteries",
				"militarybase",
				"battlestation",
			],
		},
	],

}



