{
	"starSystem":"kumarikandam",
	"markets":[
#		{
#			"entities":["beholder_station"],
#			"faction":"luddic_church",
#			"size":4,
#			"startingConditions":[
#				"luddic_majority",
#				"orbital_station",
#				"population_4",
#				"hydroponics_complex"
#			],
#		},
		{
			"entities":["chalcedon"],
			"faction":"luddic_path",
			"size":5,
			"startingConditions":[
				#"terran",
				#"alien_life",
				"luddic_majority",
				"population_5",
				"habitable",
				"extreme_weather",
				"tectonic_activity",
				"rare_ore_moderate",
				"organics_trace",
				"farmland_poor",
				"ruins_scattered",
				#"rural_polity",
			],
			"industries":[
				"population",
				"farming",
				"spaceport",
				"mining",
				"lightindustry",
				"heavybatteries",
				"patrolhq",
				#"commerce",
			],
		},
		{
			"entities":["olinadu"],
			"faction":"persean",
			"size":4,
			"startingConditions":[
				#"cryovolcanic",
				"population_4",
				#"frontier",
				#"cold",
				#"thin_atmosphere",
				"volatiles_abundant",
				"organics_trace",
				"tectonic_activity",
				"ore_sparse",
				"very_cold",
				"poor_light",
			],
			"industries":[
				"population",
				#"spaceport",
				"mining",
				"grounddefenses",
				"patrolhq",
				"orbitalstation_mid",
				"lightindustry",
				"megaport",
			],
		},
		{
			"entities":["kanni"],
			"faction":"pirates",
			"size":3,
			#"freePort":true,
			"startingConditions":[
				#"organized_crime",
				"population_3",
				#"frontier",
				"very_cold",
				"no_atmosphere",
				"dark",
				"ore_moderate",
				"rare_ore_moderate",
			],
			"industries":[
				"population",
				"spaceport",
				"mining",
				"patrolhq",
			],
		},
	]
}



