{
	"starSystem":"hybrasil",
	"markets":[	
		{
			"entities":["culann", "culann_starforge"],
			"faction":"tritachyon",
			"size":5,
			"startingConditions":[
				"population_5",
				"ore_rich",
				"rare_ore_sparse",
				"no_atmosphere",
				"very_hot",
			],
			"industries":[
				"population",
				"megaport",
				"waystation",
				"mining",
				"refining",
				["orbitalworks", "corrupted_nanoforge"],
				"starfortress_high",
				"heavybatteries",
				["highcommand", "cryoarithmetic_engine",]
			],			
		},
		{
			"entities":["eochu_bres"],
			"faction":"tritachyon",
			"size":6,
			"freePort":true,
			"startingConditions":[
				"tundra",
				"population_6",
				"habitable",
				"farmland_poor",
				"organics_trace",
				"solar_array",
			],
			"industries":[
				"population",
				"megaport",
				"farming",
				"mining",
				["lightindustry", "biofactory_embryo"],
				["commerce", "dealmaker_holosuite"],
				"starfortress_high",
				["heavybatteries", "drone_replicator"],
				"patrolhq",
			],
		},
		{
			"entities":["cethlenn"],
			"faction":"independent",
			"size":4,
			"startingConditions":[
				"population_4",
				"ice",
				"organics_common",
				"cold",
			],
			"industries":[
				"population",
				"megaport",
				"mining",
				"commerce",
				"orbitalstation_high",
				"grounddefenses",
				"patrolhq",
			],
		},
		{
			"entities":["donn"],
			"faction":"pirates",
			"size":4,
			"freePort":true,
			"startingConditions":[
				"population_4",
				"volatiles_abundant",
				"rare_ore_abundant",
				"poor_light",
				"low_gravity",
				"no_atmosphere",
				"very_cold",
			],
			"industries":[
				"population",
				"spaceport",
				"waystation",
				"mining",
				"orbitalstation",
				"militarybase",
			],
		},
	],


}



