{
	"starSystem":"yma",
	"markets":[
		{
			"entities":["qaras"],
			"faction":"pirates",
			"size":5,
			#"freePort":true,
			"startingConditions":[
				#"tundra",
				#"hydroponics_complex",
				"population_5",
				"habitable",
				"volatiles_diffuse",
				"organics_common",
				"farmland_poor",
			],
			"industries":[
				"population",
				"farming",
				"spaceport",
				"mining",
				"heavybatteries",
				"militarybase",
				"heavyindustry",
				"waystation"
			],
		},
		{
			"entities":["salamanca"],
			"faction":"persean",
			"size":5,
			"freePort":true,
			"startingConditions":[
				"dense_atmosphere",
				"organics_plentiful",
				"population_5",
				"cold",
				"extreme_weather",
				#"organized_crime",
			],
			"industries":[
				"population",
				"spaceport",
				#["mining", "mantle_bore"],
				"mining",
				"grounddefenses",
				#"patrolhq",
				"lightindustry",
				"militarybase",
				"starfortress_mid",
			],
		},
	],


}



