{
	"starSystem":"askonia",
	"markets":[
		{
			"entities":["sindria", "diktat_cnc"],
			"faction":"sindrian_diktat",
			"size":7,
			"startingConditions":[
				"regional_capital",
				"population_7",
				"rare_ore_moderate",
				"ore_abundant",
				"no_atmosphere",
				"very_hot",
			],
			"industries":[
				"population",
				"megaport",
				"mining",
				"refining",
				["orbitalworks", "corrupted_nanoforge"],
				["fuelprod", "synchrotron"],
				"battlestation",
				"heavybatteries",
				"highcommand",
				"lionsguard",
			],
		},
		{
			"entities":["volturn"],
			"faction":"sindrian_diktat",
			"size":7,
			"startingConditions":[
				"volturnian_lobster_pens",
				"population_7",
				"organics_abundant",
				"water_surface",
				"habitable",
			],
			"industries":[
				"population",
				"megaport",
				"aquaculture",
				"mining",
				"lightindustry",
				"commerce",
				"battlestation_mid",
				"grounddefenses",
			],
		},
		{
			"entities":["cruor"],
			"faction":"sindrian_diktat",
			"size":5,
			"parent":"sindria",
			"startingConditions":[
				"population_5",
				"rare_ore_rich",
				"ore_rich",
				"thin_atmosphere",
				"extreme_tectonic_activity",
			],
			"industries":[
				"population",
				"megaport",
				"mining",
				"refining",
				"heavybatteries",
				"militarybase",
			],
		},
		{
			"entities":["nortia"],
			"faction":"independent",
			"size":4,
			#"freePort":true,
			"startingConditions":[
				"population_4",
				"rare_ore_sparse",
				"ore_moderate",
				"no_atmosphere",
				#"cold",
				"low_gravity",
			],
			"industries":[
				"population",
				"megaport",
				"mining",
				"refining",
				"battlestation_high",
				"heavybatteries",
				"militarybase",
			],
		},
		{
			"entities":["umbra"],
			"faction":"pirates",
			"size":5,
			#"freePort":true,
			"startingConditions":[
				"population_5",
				"ore_sparse",
				"volatiles_diffuse",
				#"poor_light",
				"thin_atmosphere",
				"cold",
			],
			"industries":[
				"population",
				["spaceport", "fullerene_spool"],
				"waystation",
				"mining",
				"starfortress",
				"heavybatteries",
				"highcommand",
			],
		},		
	],


}