{
	"starSystem":"canaan",
	"markets":[
		{
			"entities":["gilead"],
			"faction":"luddic_church",
			"size":7,
			"startingConditions":[
				"regional_capital",
				"luddic_majority",
				"population_7",
				"ruins_widespread",
				"farmland_rich",
				"ore_moderate",
				"organics_abundant",
				"mild_climate",
				"habitable",
			],
			"industries":[
				"population",
				["megaport", "fullerene_spool"],
				"waystation",
				"farming",
				"mining",
				"lightindustry",
				"commerce",
				"starfortress",
				"heavybatteries",
				"militarybase",
			],
		},
		{
			"entities":["asher"],
			"faction":"luddic_church",
			"size":5,
			"startingConditions":[
				"luddic_majority",
				"pollution",
				"population_5",
				"rare_ore_moderate",
				"ore_abundant",
				"extreme_weather",
				"thin_atmosphere",
				"habitable",
			],
			"industries":[
				"population",
				"megaport",
				"mining",
				"refining",
				["orbitalworks", "corrupted_nanoforge"],
				"heavybatteries",
				"patrolhq",
			],
		},
	],
	
}



