{
	"starSystem":"corvus",
	"markets":[
		{
			"entities":["asharu"],
			"faction":"independent",
			"size":5,
			"startingConditions":[
				"population_5",
				"ruins_scattered",
				"farmland_poor",
				"ore_moderate",
				"hot",
				"habitable",
			],
			"industries":[
				"population",
				"megaport",
				"farming",
				#"commerce",
				"grounddefenses",
				"militarybase",
			],
		},
		{
			"entities":["jangala", "corvus_hegemony_station"],
			"faction":"hegemony",
			"size":6,
			"startingConditions":[
				"regional_capital",
				"population_6",
				"farmland_adequate",
				"organics_plentiful",
				"inimical_biosphere",
				"extreme_weather",
				"habitable",
			],
			"industries":[
				"population",
				"megaport",
				"waystation",
				"farming",
				"mining",
				"starfortress_mid",
				"heavybatteries",
				"highcommand",
			],
		},
		{
			"entities":["corvus_IIIa", "corvus_pirate_station"], # Garnir
			"faction":"pirates",
			"size":3,
			"startingConditions":[
				"population_3",
				"volatiles_diffuse",
				"no_atmosphere",
				"cold",
			],
			"industries":[
				"population",
				"spaceport",
				"mining",
				"battlestation",
				"grounddefenses",
				"patrolhq",
			],
		},
	],

}



