{
	"starSystem":"kumarikandam",
	"markets":[
		{
			"entities":["chalcedon"],
			"faction":"luddic_path",
			"size":5,
			"startingConditions":[
				"luddic_majority",
				"population_5",
				"ruins_scattered",
				"farmland_poor",
				"rare_ore_moderate",
				"organics_trace",
				"extreme_weather",
				"tectonic_activity",
				"habitable",
			],
			"industries":[
				"population",
				"megaport",
				"waystation",
				"farming",
				"mining",
				"lightindustry",
				"battlestation",
				"heavybatteries",
				"highcommand",
			],
		},
		{
			"entities":["olinadu"],
			"faction":"persean",
			"size":4,
			"startingConditions":[
				"population_4",
				"cold",
				"thin_atmosphere",
				"volatiles_abundant",
				"organics_trace",
			],
			"industries":[
				"population",
				"megaport",
				"mining",
				"commerce",
				"battlestation_high",
				"heavybatteries",
				"militarybase",
			],
		},
		{
			"entities":["kanni"],
			"faction":"pirates",
			"size":3,
			"freePort":true,
			"startingConditions":[
				"population_3",
				"cold",
				"no_atmosphere",
				"ore_moderate",
				"rare_ore_moderate",
			],
			"industries":[
				"population",
				"spaceport",
				"mining",
				"orbitalstation_high",
				"grounddefenses",
				"militarybase",
			],
		},
	]
}



