{
	"starSystem":"samarra",
	"markets":[
		{
			"entities":["tigra_city"],
			"faction":"hegemony",
			"size":4,
			"startingConditions":[
				"population_4",
				"hot",
			],
			"industries":[
				"population",
				"spaceport",
				"commerce",
				"battlestation",
				"patrolhq",
			],
		},
		{
			"entities":["eventide"],
			"faction":"hegemony",
			"size":7,
			"startingConditions":[
				"regional_capital",
				"population_7",
				"habitable",
				"farmland_adequate",
				"organics_trace",
				"ore_abundant",
				"rare_ore_abundant",
				"volatiles_abundant",
				"poor_light",
				"solar_array"
			],
			"industries":[
				"population",
				["megaport", "fullerene_spool"],
				"farming",
				"mining",
				"lightindustry",
				"starfortress_mid",
				"heavybatteries",
				"patrolhq",
			],
		},
		{
			"entities":["orthrus"],
			"faction":"independent",
			"size":4,
			"startingConditions":[
				"population_4",
				"ore_sparse",
				"volatiles_diffuse",
				"thin_atmosphere",
				"cold",
			],
			"industries":[
				"population",
				"megaport",
				"waystation",
				"mining",
				#"commerce",
				"orbitalstation_high",
				"grounddefenses",
				"patrolhq",
			],
		},
		{
			"entities":["sphinx"],
			"faction":"hegemony",
			"size":5,
			"startingConditions":[
				"population_5",
				"no_atmosphere",
				"cold",
				"low_gravity",
			],
			"industries":[
				"population",
				"megaport",
				"waystation",
				"fuelprod",
				"heavybatteries",
				"highcommand",
			],
		},
	],


}



