{
	"starSystem":"thule",
	"markets":[
		{
			"entities":["kazeron"],
			"faction":"persean",
			"size":7,
			"startingConditions":[
				"regional_capital",
				"population_7",
				"rare_ore_moderate",
				"ore_rich",
				"no_atmosphere",
			],
			"industries":[
				"population",
				"megaport",
				"waystation",
				["mining", "mantle_bore"],
				["refining", "catalytic_core",],
				["orbitalworks", "pristine_nanoforge"],
				"commerce",
				"starfortress_mid",
				"heavybatteries",
				"highcommand",
			],
		},
		{
			"entities":["eldfell"],
			"faction":"independent",
			"size":5,
			"startingConditions":[
				"no_atmosphere",
				"population_5",
			],
			"industries":[
				"population",
				"megaport",
				"waystation",
				"refining",
				#"commerce",
				"heavybatteries",
				"militarybase",
			],
		},
		{
			"entities":["thule_pirate_station"],
			"faction":"pirates",
			"size":4,
			"freePort":true,
			"startingConditions":[
				"population_4",
				"volatiles_diffuse",
				"cold",
			],
			"industries":[
				"population",
				"megaport",
				"mining",
				"starfortress",
				"heavybatteries",
				"highcommand",
			],
		},
	],


}



