{
	"starSystem":"valhalla",
	"markets":[
		{
			"entities":["raesvelg"],
			"faction":"hegemony",
			"size":5,
			"startingConditions":[
				"thin_atmosphere",
				"very_cold",
				"population_5",
				"volatiles_abundant",
				"ruins_scattered",
			],
			"industries":[
				"population",
				"megaport",
				"waystation",
				"mining",
				"refining",
				"orbitalworks",
				"heavybatteries",
				"patrolhq",
			],
		},
		{
			"entities":["skathi","mimir_platform"],
			"faction":"tritachyon",
			"size":4,
			#"freePort":true,
			"startingConditions":[
				"population_4",
				"volatiles_plentiful",
				"very_cold",
			],
			"industries":[
				"population",
				"megaport",
				"mining",
				"commerce",
				"battlestation",
				"heavybatteries",
				"militarybase",
			],
		},
		{
			"entities":["ragnar_complex"],
			"faction":"hegemony",
			"size":5,
			"startingConditions":[
				"population_5",
			],
			"industries":[
				"population",
				"megaport",
				"commerce",
				"starfortress",
				"heavybatteries",
				"militarybase",
			],
		},
	],


}



