{
	"starSystem":"westernesse",
	"markets":[
		{
			"entities":["athulf"],
			"faction":"persean",
			"size":4,
			"startingConditions":[
				"rare_ore_rich",
				"ore_rich",
				"population_4",
				"no_atmosphere",
				"hot",
			],
			"industries":[
				"population",
				"megaport",
				"mining",
				"refining",
				"grounddefenses",
				"patrolhq",
			],
		},
		{
			"entities":["fikenhild"],
			"faction":"persean",
			"size":6,
			"startingConditions":[
				"regional_capital",
				"population_6",
				"water_surface",
				"hot",
				"habitable",
			],
			"industries":[
				"population",
				"aquaculture",
				"megaport",
				"commerce",
				"battlestation_mid",
				"heavybatteries",
				"militarybase",
			],
		},
		{
			"entities":["suddene"],
			"faction":"persean",
			"size":5,
			#"freePort":true,
			"startingConditions":[
				"barren_marginal",
				"population_5",
				"thin_atmosphere",
				"habitable",
			],
			"industries":[
				"population",
				"megaport",
				"waystation",
				"refining",
				"lightindustry",
				#"commerce",
				"heavybatteries",
				"patrolhq",
			],
		},
		{
			"entities":["ailmar"],
			"faction":"independent",
			"size":5,
			"startingConditions":[
				"population_5",
				"farmland_poor",
				"volatiles_diffuse",
				"cold",
				"habitable",
			],
			"industries":[
				"population",
				"megaport",
				"waystation",
				"farming",
				"mining",
				"lightindustry",
				"heavybatteries",
				"patrolhq",
			],
		},
	],


}



