id,name,order,tier,reqPoints,reqPointsPerExtraSkill,description,author,combat officer,admiral,admin,tags,icon,
gunnery_implants,Gunnery Implants,1020,2,0,0,Over time the augmented reality presented by implants may become difficult to distinguish from normal sensory input. The psych officer shall regularly check gunners for signs of Augment Dissociative Disorder by the following criteria...,A New Leadership Framework: Manual for Officers of the Hegemony,TRUE,,,,graphics/icons/skills/gunnery_implants.png,
energy_weapon_mastery,Energy Weapon Mastery,1030,2,0,0,"The eye of an angel was found in the small places, hidden there by merciful God in the first moments of creation. Thus its secrets were laid bare for the ignorant and cruel to loose terrible, fiery wrath. We lament.",Sacred Texts of Ludd,TRUE,,,energy_weapons,graphics/icons/skills/energy_weapon_mastery.png,
,,,,,,,,,,,,,
ordnance_expert,Ordnance Expertise,1530,3,0,,The weak fear the spiritual potency of the killing machine. The strong instinctually recognize its beauty.,Quotations from the Supreme Executor,TRUE,,,,graphics/icons/skills/ordnance_expert2.png,
polarized_armor,Polarized Armor,1540,3,0,,"The pre-Collapse manuals say never to do this. ... No, I don't know. Haven't had any problems so far.","engineering chief Kasi Thea-Radiative, hidden holocam interview",TRUE,,,,graphics/icons/skills/polarized_armor.png,
,,,,,,,,,,,,,
systems_expertise,Systems Expertise,90,5,2,2,"No, I don't think it's a contradiction. It's a, uh, spiritual journey. You're tested. And it's like they say, the Devil is in the details.","""Ludd's Footsoldiers"" holodoc, interview with Pather engineer",TRUE,,,,graphics/icons/skills/systems_expertise.png,
missile_specialization,Missile Specialization,100,5,2,2,My colleagues don’t appreciate their whimsy. You get all these little spaceships to break all the rules with because there's no need to survive the landing.,"Exit interview of K. Astraia, former ordnance designer, Culann Starforge",TRUE,,,missile_weapons,graphics/icons/skills/missile_specialization2.png,
,,,,,,,,,,,,,
cybernetic_augmentation,Cybernetic Augmentation,1080,4,2,0,Don't listen to those weepy crypto-Luddics on the ethics board; the rejection rate is nowhere near what the rumors imply.,"""Doctor"" Wyatt Cydonia (alias), COMSEC intercept",,TRUE,,,graphics/icons/skills/cybernetic_augmentation.png,
neural_link,Neural Link,1075,5,4,2,Why should a captain go down with their ship? The Tri-Tachyon corporation does not waste top talent.,"VP Operations Nereid De Jong at unveiling ceremony for ""Project Heket""",,,,,graphics/icons/skills/neural_link.png,