id,rating,detection_range,type,autoXP,xpDiscover,xpSalvage,tags,drop_value,drop_random,defFaction,defQuality,probDefenders,minStr,maxStr,minSize,maxSize,probStation,stationRole
derelict_probe,0.25,1700,DISCOVERABLE,700,500,1500,,basic:10000,"ai_cores1:3,
extended:1x3000",derelict,1,1,18,60,,3,,
derelict_survey_ship,0.5,2700,DISCOVERABLE,1200,2000,6000,,basic:30000,"ai_cores2:5,
ai_cores3:1,
extended:3x5000,
rare_tech_low:2",derelict,1,1,42,120,,3,,
derelict_mothership,1,3500,DISCOVERABLE,2200,5000,20000,,basic:150000,"ai_cores3:5,
extended:5x15000,
rare_tech_mothership:1",derelict,1,1,90,240,,3,1,derelictMothership
,,,,,,,,,,,,,,,,,,
supply_cache,0,1700,DISCOVERABLE,200,,,no_debris,supply:16000,,,,,,,,,,
supply_cache_small,0,1200,DISCOVERABLE,200,,,no_debris,supply:6000,,,,,,,,,,
,,,,,,,,,,,,,,,,,,
equipment_cache,0,1700,DISCOVERABLE,200,,,no_debris,machinery:10000,"any_hullmod_low:10,
ship_bp:2,
package_bp:1",,,,,,,,,
equipment_cache_small,0,1200,DISCOVERABLE,200,,,no_debris,machinery:3000,"any_hullmod_low:5,
ship_bp:1,
package_bp:1",,,,,,,,,
,,,,,,,,,,,,,,,,,,
weapons_cache,0,1700,DISCOVERABLE,200,,,no_debris,,"weapons2:20,
any_hullmod_low:3,
weapon_bp:3,
fighter_bp:3",,,,,,,,,
weapons_cache_remnant,0,1700,DISCOVERABLE,200,,,no_debris,,"rem_weapons2:20,
any_hullmod_low:3,
weapon_bp:3,
fighter_bp:3",,,,,,,,,
weapons_cache_low,0,1700,DISCOVERABLE,200,,,no_debris,,"low_weapons2:20,
any_hullmod_low:3,
weapon_bp:3,
fighter_bp:3",,,,,,,,,
weapons_cache_high,0,1700,DISCOVERABLE,200,,,no_debris,,"high_weapons2:20,
any_hullmod_low:3,
weapon_bp:3,
fighter_bp:3",,,,,,,,,
,,,,,,,,,,,,,,,,,,
station_research_remnant,1,2200,DISCOVERABLE,2200,,,,basic:16000,"ai_cores3:5,
rem_weapons2:20,
any_hullmod_high:5,
blueprints_low:10,
rare_tech_low:2,
package_bp:2",,,,,,,,,
station_mining_remnant,0.75,2200,DISCOVERABLE,1700,1000,3000,,basic:10000,"mining_station:5x3000,
mining_bulk:1x150000,
ai_cores2:5,
ai_cores3:2,
any_hullmod_medium:3,
rare_tech_low:4,
package_bp:2",,,,,,,,,
orbital_habitat_remnant,0.25,1700,DISCOVERABLE,700,,,,basic:20000,"goods:5x5000,
hab_bulk:1x50000,
ai_cores1:5,
ai_cores2:2,
ai_cores3:1,
package_bp:2",,,,,,,,,
station_research,1,2200,DISCOVERABLE,2200,1000,3000,,basic:16000,"weapons2:20,
any_hullmod_high:5,
blueprints_low:10,
rare_tech_low:2,
package_bp:2",,,,,,,,,
station_mining,0.75,2200,DISCOVERABLE,1700,1000,3000,,basic:10000,"mining_station:5x3000,
mining_bulk:1x150000,
any_hullmod_medium:3,
rare_tech_low:4,
package_bp:2",,,,,,,,,
orbital_habitat,0.25,1700,DISCOVERABLE,700,,,,basic:20000,"goods:5x5000,
hab_bulk:1x50000",,,,,,,,,
,,,,,,,,,,,,,,,,,,
ruins_scattered,0.25,,,700,,700,"not_a_custom_entity, no_debris, no_remove",basic:2500,"extended:5x3000,
hab_bulk:1x12000,
blueprints_low:0.125,
rare_tech_low:0.0125,
ai_cores3:0.125,
any_hullmod_low:0.125,
weapons2:1.25,
techmining_first_find:1.25,",,,,,,,,,
ruins_widespread,0.5,,,1200,,1200,"not_a_custom_entity, no_debris, no_remove",basic:5000,"extended:5x5000,
hab_bulk:1x20000,
blueprints_low:0.25,
rare_tech_low:0.025,
ai_cores3:0.25,
any_hullmod_low:0.25,
weapons2:2.5,
techmining_first_find:2.5,",,,,,,,,,
ruins_extensive,0.75,,,1700,,1700,"not_a_custom_entity, no_debris, no_remove",basic:10000,"extended:5x10000,
hab_bulk:1x50000,
blueprints_low:0.5,
rare_tech_low:0.05,
ai_cores3:0.5,
any_hullmod_low:0.5,
weapons2:5,
techmining_first_find:5,",,,,,,,,,
ruins_vast,1,,,2200,,2200,"not_a_custom_entity, no_debris, no_remove",basic:20000,"extended:5x20000,
hab_bulk:1x100000,
blueprints_low:1,
rare_tech_low:0.1,
ai_cores3:1,
any_hullmod_low:1,
weapons2:10,
techmining_first_find:10,",,,,,,,,,