{
	"starSystem":"westernesse",
	"markets":[
		{
			"entities":["athulf"],
			"faction":"persean",
			"size":4,
			"startingConditions":[
				#"frontier",
				"hot",
				"ore_rich",
				"rare_ore_rich",
				"population_4",
				"no_atmosphere",
			],
			"industries":[
				"population",
				"spaceport",
				"mining",
				"waystation",
			],
		},
		{
			"entities":["fikenhild"],
			"faction":"persean",
			"size":6,
			"startingConditions":[
				"habitable",
				#"water",
				#"urbanized_polity",
				#"regional_capital",
				"hot",
				"water_surface",
				"population_6",
			],
			"industries":[
				"population",
				"aquaculture",
				"spaceport",
				#"mining",
				"grounddefenses",
				"patrolhq",
				"orbitalstation_mid",
				"commerce",
			],
		},
		{
			"entities":["suddene"],
			"faction":"persean",
			"size":5,
			"startingConditions":[
				"habitable",
				"barren_marginal",
				#"frontier",
				"population_5",
				"thin_atmosphere",
			],
			"industries":[
				"population",
				"spaceport",
				#"mining",
				"refining",
				"lightindustry",
				"grounddefenses",
			],
		},
		{
			"entities":["ailmar"],
			"faction":"independent",
			"size":5,
			"startingConditions":[
				"habitable",
				#"tundra",
				"volatiles_diffuse",
				"farmland_poor",
				#"dissident",
				"cold",
				"population_5",
			],
			"industries":[
				"population",
				"farming",
				"spaceport",
				"mining",
				"lightindustry",
				"heavybatteries",
				"patrolhq",
			],
		},
	],


}



