{
	"id":"odd_skills",
	"name":"Odd Skills",
	"author":"Krill",
	"version":"2B-a",
	"description":"Alzeheimer's Edition",
	"gameVersion":"0.98a-RC8",
	
	"replace": [
	"data/characters/skills/point_defense.skill",
	"data/characters/skills/damage_control.skill",
	"data/characters/skills/impact_mitigation.skill",
	"data/characters/skills/combat_endurance.skill",
	"data/characters/skills/polarized_armor.skill",
	"data/characters/skills/helmsmanship.skill",
	"data/characters/skills/field_modulation.skill",
	"data/characters/skills/ballistic_mastery.skill",
	"data/characters/skills/missile_specialization.skill",
	"data/characters/skills/ordnance_expert.skill",
	"data/characters/skills/target_analysis.skill",
	"data/characters/skills/systems_expertise.skill",
	
	"data/characters/skills/support_doctrine.skill",
	"data/characters/skills/cybernetic_augmentation.skill",
	"data/characters/skills/electronic_warfare.skill",
	
	#"data/characters/skills/bulk_transport.skill",
	
	"data/characters/skills/carrier_group.skill",
	"data/characters/skills/fighter_uplink.skill",
	"data/characters/skills/phase_corps.skill",
	"data/characters/skills/industrial_planning.skill",
	"data/characters/skills/hypercognition.skill",
	]
}
