name,id,tier,rarity,base value,range,damage/second,damage/shot,emp,impact,turn rate,OPs,ammo,ammo/sec,reload size,type,energy/shot,energy/second,chargeup,chargedown,burst size,burst delay,min spread,max spread,spread/shot,spread decay/sec,beam speed,proj speed,launch speed,flight time,proj hitpoints,autofireAccBonus,extraArcForAI,hints,tags,groupTag,tech/manufacturer,for weapon tooltip>>,primaryRoleStr,speedStr,trackingStr,turnRateStr,accuracyStr,customPrimary,customPrimaryHL,customAncillary,customAncillaryHL,noDPSInTooltip,number
,,,,,,,,,,,,,,,,,,,,,,,,,,,,,,,,,,,,,,,,,,,,,,,,
# Threat related,imagine being dev,of,this,game.,And,seeing,someone,,just,make,,,every,single,thing,into,something,it ,wasnt.,Threat,wasn't,meant,to be,balanced.,,,,,,,,,,,,,,,,,,,,,,,,
,,,,,,,,,,,,,,,,,,,,,,,,,,,,,,,,,,,,,,,,,,,,,,,,
Seeker Fragment,seeker_fragment,0,,3000,2000,,600,,,0,3,1,0.2,,HIGH_EXPLOSIVE,,,0.25,0.75,1,,,,,,,300,0,15,250,,,"IMPORTANT, DO_NOT_AIM, RANGE_FROM_SHIP_RADIUS","threat, fragment, restricted, codex_unlockable, missile1",,Threat,,General,Medium,Excellent,,,Requires the %s hullmod and uses %s fragments per shot.,Fragment Swarm|10,,,TRUE,15
Kinetic Fragments,kinetic_fragments,0,,3000,1500,,400,,,0,4,1,0.2,,KINETIC,0,,0.25,0.25,1,,,,,,,400,0,5,150,,,"IMPORTANT, DO_NOT_CONSERVE, DO_NOT_AIM, RANGE_FROM_SHIP_RADIUS","threat, fragment, restricted, codex_unlockable, kinetic1, rocket1",,Threat,,Anti Shield,Fast,Special,,,Requires the %s hullmod and uses %s fragments per shot. Secondary fragments deal %s kinetic damage per impact.,Fragment Swarm|5|100,,,TRUE,15.1
Unstable Fragment,unstable_fragment,0,,3000,500,,750,,,0,2,1,0.5,,FRAGMENTATION,,,0.25,0.75,1,,,,,,,100,0,5,150,,,"PD, ANTI_FTR, DO_NOT_AIM, RANGE_FROM_TARGETING_OVAL","threat, fragment, restricted, codex_unlockable, pd1, rocket1",,Threat,,Anti Fighter (Area),Very Slow,Special,,,Requires the %s hullmod and uses %s fragment per shot. Unguided after a brief initial aiming stage.,Fragment Swarm|1,,,TRUE,15.25
Defabrication Swarm,devouring_swarm,0,,3000,2500,,200,,,0,3,9,0.2,3,HIGH_EXPLOSIVE,,,0.25,0.75,1,,,,,0,,250,,20,500,,,"STRIKE, USE_VS_FRIGATES, DO_NOT_AIM, CONSERVE_ALL, CONSERVE_FOR_ANTI_ARMOR, DIRECT_AIM, MISSILE_SPREAD, RANGE_FROM_SHIP_RADIUS, USE_LESS_VS_SHIELDS","threat, fragment, restricted, codex_unlockable, he1",,Threat,,Anti Armor,Medium,Excellent,,,Requires the %s hullmod and at least %s fragments per shot. Deals no damage vs shields.,Fragment Swarm|6|50|no damage,"A swarm of fragments attacks the target, eating through its armor and dismantling the hull once it's exposed, creating new fragments that return to the launching ship's swarm.",,TRUE,15.5
,,,,,,,,,,,,,,,,,,,,,,,,,,,,,,,,,,,,,,,,,,,,,,,,
Voltaic Discharge,voltaic_discharge,0,,2000,500,,25,50,0,0,5,10,2,10,ENERGY,25,,0,0.2,1,,,,,,,10000,,,,,360,"PD, DO_NOT_AIM, RANGE_FROM_TARGETING_OVAL","threat, fragment, fragment_glow, restricted, codex_unlockable, pd1, energy7",,Threat,,Point Defense,,,,Perfect,Requires the %s hullmod and at least %s active fragments. Fires a barrage of EMP arcs at nearby targets. The arcs always hit.,Fragment Swarm|10,,,,16
Voltaic Cannon,voltaic_cannon,0,,5000,800,,500,500,0,50,3,2,0.01667,1,ENERGY,1300,,0.5,0,,,,,,,,300,,,,,,"STRIKE, USE_LESS_VS_SHIELDS","threat, restricted, codex_unlockable, energy7, strike3",,Threat,,Suppression,,,,,Hits on hull or armor generate a large number of EMP arcs. Hits on shields have a chance to generate shield-penetrating EMP arcs based on the target's hard flux level.,,,,TRUE,19
,,,,,,,,,,,,,,,,,,,,,,,,,,,,,,,,,,,,,,,,,,,,,,,,
Light Mass Driver,light_mass_driver,0,,3000,700,,90,,10,30,9,,,,KINETIC,75,,0,0.6,1,,,,,,,900,,,,,,,"threat, restricted, codex_unlockable, kinetic8, LR",,Threat,,Anti Shield,,,,,,,,,,17.5
Heavy Mass Driver,heavy_mass_driver,0,,6000,800,,200,,40,15,13,,,,KINETIC,175,,0,1,1,,,,,,,900,,,,,,,"threat, restricted, codex_unlockable, kinetic14, LR",,Threat,,Anti Shield,,,,,,,,,,18
Neoferric Quadcoil,neoferric_quadcoil,0,,10000,900,,150,,10,30,20,,,,HIGH_EXPLOSIVE,200,,0,4.3,8,0.1,,,,,,900,,,,,,,"threat, restricted, codex_unlockable, he17",,Threat,,Anti Armor,,,,,,,,,,18.5
,,,,,,,,,,,,,,,,,,,,,,,,,,,,,,,,,,,,,,,,,,,,,,,,
Voidblaster,voidblaster,,,7000,700,,240,,0,15,14,12,1,2,HIGH_EXPLOSIVE,200,,0,0.25,,,10,10,0,10,,5000,,,,,,,"threat, restricted, codex_unlockable, he12",,Threat,,Anti Armor,,,,,"Deals %s damage to shields, despite not being a beam weapon.",soft flux,,,,19.5
,,,,,,,,,,,,,,,,,,,,,,,,,,,,,,,,,,,,,,,,,,,,,,,,
# Omega weapons,I have to admit,,,I nerfed,them,quite a lot,", will",,think,about it.,,But,hey,at least,now you can,get that,****,shunt,to run,sooner,,,,,,,,,,,,,,,,,,,,,,,,,,,,
,,,,,,,,,,,,,,,,,,,,,,,,,,,,,,,,,,,,,,,,,,,,,,,,
Rift Lance,riftlance,3,,30000,600,1000,,,0,20,9,,,,ENERGY,,1000,0.125,0.25,0.5,2,,,,,3200,,,,,,,,"energy11, beam10, omega, restricted, codex_unlockable",,Unknown,,General,,,,,,,,,,29.1
Rift Beam,riftbeam,3,,100000,600,150,,,0,100,15,,,,ENERGY,,150,0.1,0.1,,,,,,,2400,,,,,,,PD,"beam10, pd15, omega, restricted, codex_unlockable",,Unknown,,Point Defense,,,,,"Creates space-time rifts along the beam length, targeted at nearby enemy missiles and fighters. Each rift deals up to %s energy damage to nearby targets.",200,,,,21
Cryoflamer,cryoflux,3,,100000,400,,75,,3,60,15,120,4,40,ENERGY,50,,,0.05,2,0.05,0,0,0,0,,500,,,,,,,"energy15, SR, omega, restricted, codex_unlockable",,Unknown,,General,,,,,,,,,,
Cryoblaster,cryoblaster,3,,100000,600,,1250,,50,20,16,,,,FRAGMENTATION,500,,0,1,,,0,0,0,0,,750,,,,,,,"energy15, omega, restricted, codex_unlockable",,Unknown,,General,,,,,,,,,,22.25
Disintegrator,disintegrator,3,,100000,600,,100,,25,20,14,,,,HIGH_EXPLOSIVE,200,,0,2,3,0.2,8,8,,,,700,,,,,,,"he18, omega, restricted, codex_unlockable",,Unknown,,Anti Armor,,,,Spread Pattern,Each shot deals an additional 1000 damage to armor over 10 seconds. This damage is not reduced by armor.,1000 | 10,,,,22.25
,,,,,,,,,,,,,,,,,,,,,,,,,,,,,,,,,,,,,,,,,,,,,,,,
Volatile Particle Driver,vpdriver,3,,200000,700,,150,,10,20,30,30,3,15,KINETIC,150,,0.05,0.05,1,,0,10,1,10,,1000,,,,,,,"kinetic20, omega, restricted, codex_unlockable",,Unknown,,Anti Shield,,,,,Shots may lose cohesion and dissolve. %s of the shots reach half the maximum range and %s of the shots reach full range.,100% | 50%,,,,25
Reality Disruptor,realitydisruptor,3,,250000,450,,50,500,10,5,30,,,,ENERGY,2000,,1,9,,,,,,,,300,0,100,10000,,,,"energy22, LR, omega, restricted, codex_unlockable",,Unknown,,Suppression,,,,,"Projectile fires EMP arcs at nearby enemy targets while traveling. The damage shown is for the EMP arcs, the projectile itself does not deal damage and will pass over ships. Weapon and engine repairs take %s longer for %s seconds on affected ships.",2{x} | 5,,,TRUE,25
,,,,,,,,,,,,,,,,,,,,,,,,,,,,,,,,,,,,,,,,,,,,,,,,
Rift Torpedo Launcher,rifttorpedo,3,,500000,2000,,3000,,75,10,30,2,0.1,,ENERGY,3000,,0,1,1,,0,0,0,0,,200,100,15,3000,,,"STRIKE, DO_NOT_AIM","strike20, missile20, omega, restricted, codex_unlockable",,Unknown,,Guided Torpedo,Slow,Excellent,,,,,,,TRUE,12.5
Antimatter SRM Launcher,amsrm,3,,40000,1200,,1000,,15,50,7,6,0.025,,ENERGY,1000,,0,0.5,1,,0,0,0,0,,1000,200,3,250,,,"DO_NOT_AIM, DO_NOT_CONSERVE","utility8, missile9, strike7, omega, restricted, codex_unlockable",,Unknown,,Anti Small Craft,Extremely Fast,Excellent,,,,,,,TRUE,10
Resonator MRM Launcher,resonatormrm,3,,100000,2500,,200,,15,20,16,16,0.2,4,KINETIC,50,,0,1.25,4,0.25,0,0,0,,,400,200,10,250,,,"DO_NOT_AIM, DO_NOT_CONSERVE","missile15, strike11, omega, restricted, codex_unlockable",,Unknown,,Anti Shield,Fast,Excellent,,,,,,,,12
,,,,,,,,,,,,,,,,,,,,,,,,,,,,,,,,,,,,,,,,,,,,,,,,
# Shrouded Dweller related,,,,,,,,,,,,,,,,,,,,,,,,,,,,,,,,,,,,,,,,,,,,,,,,
Pseudoparticle Jet,pseudoparticle_jet,3,,10000,600,,20,,3,40,22,,,,KINETIC,30,,,0.05,6,0.05,0,0,0,0,,400,,,,,,,"monster, dweller, restricted, codex_unlockable, kinetic15, SR, no_drop, substrate_2",,Shrouded Dweller,,Anti Shield,,,,,,,,,,20
Abyssal Glare,abyssal_glare,3,,25000,800,500,,1000,0,7,30,,,,ENERGY,,1000,0.1,0.1,,,,,,,6000,,,,,,,,"monster, dweller, restricted, codex_unlockable, beam21, no_drop, substrate_5",,Shrouded Dweller,,General,,,,,"Produces explosions that deal up to 100 points of energy damage to all nearby targets, including the one being hit by the beam.",100 | energy,,,,22
,,,,,,,,,,,,,,,,,,,,,,,,,,,,,,,,,,,,,,,,,,,,,,,,
Rift Lightning,rift_lightning,3,,15000,500,,500,1000,0,50,20,,,,ENERGY,500,,0,2,,,,,,,,1000000,,,,,,"PD,PD_ALSO","monster, dweller, restricted, codex_unlockable, pd15, energy19, no_drop, substrate_3",,Shrouded Dweller,,General,,,,Perfect,"Fires an EMP arc at the target and opens a rift that deals damage in an area around the point of impact. The arc may miss depending on exactly where the weapon is pointing, and can pass over friendly ships.",,,,,20.75
Inimical Emanation,inimical_emanation,3,,5000,400,,100,500,0,120,10,,,,ENERGY,175,,0,1,1,,,,,,,10000,,,,,25,PD,"monster, dweller, restricted, codex_unlockable, pd14, no_drop, substrate_1",,Shrouded Dweller,,Suppression / Point Defense,,,,Perfect,Fires at the nearest target close to the weapon's current facing. Able to target phased ships. Always hits and targets weapons and engines on ships. Hits on hull or armor cause weapon and engine repairs to take %s longer for %s seconds.,2{x} | 5,,,,22.1
,,,,,,,,,,,,,,,,,,,,,,,,,,,,,,,,,,,,,,,,,,,,,,,,
Hungering Rift,assaying_rift,3,,10000,2000,,300,,,180,18,,,,ENERGY,600,,0,2,1,,0,0,0,0,,200,400,14,800,,,DO_NOT_AIM,"monster, dweller, restricted, codex_unlockable, pd10, missile10, no_drop, substrate_2",,Shrouded Dweller,,General,Slow,Excellent,,,"When impacting hull or armor, heals one of the Shrouded Dweller projections on the battlefield for 1000 points.",1000,A poorly understood property inherent to space-time inhibits the formation of more than 10 total active rifts for all weapons on the battlefield. This limitation does not apply to the Shrouded Dweller.,10,,20.5
,,,,,,,,,,,,,,,,,,,,,,,,,,,,,,,,,,,,,,,,,,,,,,,,
Churning Locus,vortex_launcher,0,,100000,3000,,0,0,0,0,50,2,0.05,,FRAGMENTATION,0,,0,3,,,0,0,0,0,,1,1,0.1,1,,,"DO_NOT_AIM, NO_MANUAL_FIRE","monster, dweller, restricted, codex_unlockable, no_drop, no_standard_data",,Shrouded Dweller,,Special,,,,,"Launches a Shrouded Vortex, which will try to seek out and batter nearby targets and will eventually explode, dealing up to 2000 points of energy damage in an area.",Shrouded Vortex | 2000 | energy,,,,22.2