name,id,designation,tech/manufacturer,system id,fleet pts,hitpoints,armor rating,max flux,8/6/5/4%,flux dissipation,ordnance points,fighter bays,max speed,acceleration,deceleration,max turn rate,turn acceleration,mass,shield type,defense id,shield arc,shield upkeep,shield efficiency,phase cost,phase upkeep,min crew,max crew,cargo,fuel,fuel/ly,range,max burn,base value,cr %/day,CR to deploy,peak CR sec,CR loss/sec,supplies/rec,supplies/mo,c/s,c/f,f/s,f/f,crew/s,crew/f,hints,tags,logistics n/a reason,codex variant id,rarity,breakProb,minPieces,maxPieces,travel drive,number
Borer,drone_borer,,,,,200,25,200,,100,,,100,200,200,180,360,5,NONE,,,,,,,0,0,,,,,,,,,,,,,,,,,,,,,,,,0,,,,1.5
Terminator,drone_terminator,,,,,500,100,200,,50,,,300,400,400,200,400,5,NONE,,360,0,0.6,,,0,0,,,,,,,,,,,,,,,,,,,,,,,,0,,,,4
PD Drone,drone_pd_midline,,,,,200,25,100,dur,50,,,200,250,250,180,360,5,NONE,,,,,,,,,,,,,,,,,,,,,,,,,,,,,Not available (drone),,,0,,,,1
,,,,,,,,,,,,,,,,,,,,,,,,,,,,,,,,,,,,,,,,,,,,,,,,,,,,,,,
Merlon,merlon,Drone,,,,6000,800,1600,"fat, dur",400,50,,250,400,300,60,90,400,NONE,,0,0,0,,,0,0,,,,,,,,,,,,,,,,,,,UNBOARDABLE,no_dealer,Not available (drone),,,0.4,2,2,,5
Gargoyle,gargoyle,Drone,,fortressshield,,3200,500,3000,"fat, dur",300,50,,250,400,300,60,90,400,OMNI,,360,0,0.6,,,0,0,,,,,,,,,,,,,,,,,,,UNBOARDABLE,no_dealer,Not available (drone),,,0.4,2,2,,6
Ravelin,ravelin,Drone,,forgevats_station,,8000,1000,2400,"fat, dur",500,90,,250,400,300,60,90,400,FRONT,,120,0,1,,,0,0,,,,,,,,,,,,,,,,,,,UNBOARDABLE,no_dealer,Not available (drone),,,0.4,2,2,,7
,,,,,,,,,,,,,,,,,,,,,,,,,,,,,,,,,,,,,,,,,,,,,,,,,,,,,,,
Talon,talon,,Low Tech,,,300,25,400,dur,100,0,,325,400,300,150,300,10,NONE,,0,0,0,,,1,1,,,,,,,,,,,,,,,,,,,,,,,,0,,,,100
Dagger,dagger,,High Tech,,,300,10,200,shi,50,0,,175,350,250,90,180,10,OMNI,,160,0,0.6,,,1,1,,,,,,,,,,,,,,,,,,,,,,,,0,,,,101
Wasp,wasp,,High Tech,,,200,10,500,"dur, log",100,0,,325,500,450,180,360,10,NONE,,0,0,0,,,1,1,,,,,,,,,,,,,,,,,,,,,,,,0,,,,102
Xyphos,xyphos,,High Tech,,,450,50,600,shi,50,0,,160,300,250,90,180,30,OMNI,,160,0,0.6,,,2,2,,,,,,,,,,,,,,,,,,,,,,,,0,,,,103
Broadsword,broadsword,,Low Tech,flarelauncher_fighter,,750,100,200,flu,20,0,,200,400,350,90,180,30,NONE,,0,0,0,,,1,1,,,,,,,,,,,,,,,,,,,,,,,,0,,,,104
Piranha,piranha,,Low Tech,,,500,75,200,,100,0,,150,200,200,40,120,30,NONE,,0,0,0,,,2,2,,,,,,,,,,,,,,,,,,,,,,,,0,,,,105
Trident,trident,,High Tech,,,500,25,1000,"shi, flu",50,0,,130,150,125,30,90,50,OMNI,,180,0,0.6,,,3,3,,,,,,,,,,,,,,,,,,,,,,,,0,,,,106
Longbow,longbow,,High Tech,,,300,10,200,"shi, flu",50,0,,200,400,300,90,180,20,OMNI,,160,0,0.6,,,1,1,,,,,,,,,,,,,,,,,,,,,,,,0,,,,107
Mining Pod,mining_drone,,Low Tech,,,500,50,150,dur,100,0,,125,75,75,45,90,50,NONE,,0,0,0,,,0,0,,,,,,,,,,,,,,,,,,,,,,,,0,,,,108
Gladius,gladius,,Midline,flarelauncher_single,,350,50,400,"dur, flu",100,0,,300,400,300,150,300,40,NONE,,0,0,0,,,2,2,,,,,,,,,,,,,,,,,,,,,,,,0,,,,109
Warthog,warthog,,Midline,flarelauncher_fighter,,750,200,400,flu,80,0,,130,180,150,100,200,40,NONE,,0,0,0,,,2,2,,,,,,,,,,,,,,,,,,,,,,,,0,,,,110
Thunder,thunder,,Midline,,,350,50,750,"mob, dur",100,0,,450,600,500,150,300,30,NONE,,0,0,0,,,1,1,,,,,,,,,,,,,,,,,,,,,,,,0,,,,111
Claw,claw,,High Tech,,,300,25,150,shi,50,0,,275,350,300,120,240,20,OMNI,,160,0,0.6,,,1,1,,,,,,,,,,,,,,,,,,,,,,,,0,,,,112
Khopesh,hoplon,,Low Tech,,,500,75,500,,100,0,,180,225,200,60,120,40,NONE,,0,0,0,,,2,2,,,,,,,,,,,,,,,,,,,,,,,,0,,,,113
Spark,spark,,Remnant,,,300,20,150,shi,50,0,,335,500,400,90,270,15,OMNI,,160,0,0.6,,,0,0,,,,,,,,,,,,,,,,,,,,,,,,0,,,,114
Lux,lux,,Remnant,flarelauncher_fighter,,400,60,350,shi,50,0,,220,350,350,100,240,30,OMNI,,160,0,0.6,,,0,0,,,,,,,,,,,,,,,,,,,,,,,,0,,,,115
Flash,flash,,Remnant,,,400,60,350,shi,50,0,,170,240,200,40,120,30,OMNI,,160,0,0.6,,,0,0,,,,,,,,,,,,,,,,,,,,,,,,0,,,,116
Perdition,perdition,,Low Tech,,,400,50,50,,10,0,,140,150,150,30,90,15,NONE,,0,0,0,,,1,1,,,,,,,,,,,,,,,,,,,,,,,,0,,,,117
Cobra,cobra,,High Tech,,,400,25,400,shi,50,0,,160,200,200,30,120,40,OMNI,,120,0,0.6,,,4,4,,,,,,,,,,,,,,,,,,,,,,,,0,,,,118
Sarissa,sarissa,,Low Tech,canister_flak,,750,200,180,,100,0,,140,250,200,100,200,40,NONE,,0,0,0,,,3,3,,,,,,,,,,,,,,,,,,,,,,,,0,,,,118.5
,,,,,,,,,,,,,,,,,,,,,,,,,,,,,,,,,,,,,,,,,,,,,,,,,,,,,,,
#MODDED,,,,,,,,,,,,,,,,,,,,,,,,,,,,,,,,,,,,,,,,,,,,,,,,,,,,,,,
#Sequence,sequence,,Midline,flarelauncher_fighter,,500,75,400,,200,0,,250,300,400,120,300,30,NONE,,0,0,0,,,2,2,,,,,,,,,,,,,,,,,,,HIDE_IN_CODEX,,,,,0,,,,111.5
,,,,,,,,,,,,,,,,,,,,,,,,,,,,,,,,,,,,,,,,,,,,,,,,,,,,,,,
Wolf,wolf,Frigate,High Tech,displacer,4,1500,150,2250,shi,150,55,,150,130,100,60,120,200,OMNI,,120,0.4,0.7,,,15,30,50,20,1,20,10,12000,10,20,180,0.25,5,5,,,,,,,,"base_bp, merc, ind",,,,0.5,2,2,,200
Hound,hound,Combat Freighter,Low Tech,flarelauncher,3,2000,500,750,dur,100,38,,180,175,100,90,120,200,NONE,,0,0,0,,,10,40,75,30,1,30,10,7500,5,10,240,0.25,3,3,25,75,,,,,,"base_bp, ind",,,,0.4,2,2,,201
Vanguard,vanguard,Heavy Frigate,Low Tech,burndrive,5,3000,600,2000,fat,150,60,,135,120,100,60,90,300,PHASE,damper,,,,,,30,50,50,30,1,30,10,30000,8,10,300,0.25,6,6,8,50,,,,,,"rare_bp, hist1t, merc, ind, special_allows_system_use, system_allows_special_use",,,0.75,0.4,2,2,,201.5
Hyperion,hyperion,Advanced Gunship,High Tech,phaseteleporter,13,2500,250,3300,"dp, fat, cr",280,60,,160,175,150,120,480,300,FRONT,,300,0.6,0.6,,,5,15,10,15,1,15,10,95000,8,20,120,0.25,15,15,,,,,,,,"rare_bp, hist3t, merc, kanta_gift",,,0.5,0.75,2,2,,202
Mercury,mercury,Shuttle,High Tech,flarelauncher_active,2,1500,250,1600,"log, shi",150,27,,135,100,100,90,120,125,OMNI,,120,0.5,0.6,,,1,30,20,25,1,25,10,4000,5,20,180,0.25,2,2,10,40,,,15,60,"CIVILIAN, LINER","base_bp, ind",,,,0.5,2,2,,203
Hermes,hermes,Shuttle,Midline,maneuveringjets,2,1200,200,1000,"log, shi",80,27,,125,90,80,90,120,125,OMNI,,120,0.5,0.8,,,2,10,50,25,1,25,10,4000,5,20,180,0.25,2,2,25,100,,,,,"CIVILIAN, FREIGHTER","base_bp, ind",,,,0.5,2,2,,203.5
Lasher,lasher,Frigate,Low Tech,ammofeed,4,1750,300,2100,,140,55,,120,110,90,60,90,200,FRONT,,210,0.4,1,,,25,50,40,25,1,25,10,9000,8,10,240,0.25,4,4,,,,,,,,"base_bp, merc, ind",,,,0.4,2,2,,204
Omen,omen,Frigate,High Tech,emp,4,750,125,2200,"flu, shi",200,40,,155,220,175,120,360,100,OMNI,,150,0.3,0.6,,,10,20,30,20,1,20,10,20000,10,20,180,0.25,5,5,,,,,,,,"rare_bp, hist1t, merc, ind",,,,0.5,2,2,,205
Tempest,tempest,Frigate,High Tech,drone_strike,7,1250,200,2500,"log, shi, mob",225,50,1,180,200,175,90,270,200,OMNI,,80,0.2,0.8,,,15,25,30,20,1,20,11,36000,10,20,180,0.25,8,8,,,,,,,,"rare_bp, hist2t, merc, ind",,,0.75,0.5,2,2,,206
Brawler,brawler,Gunship,Midline,damper,5,2000,450,2500,"flu, shi, dp, sys",200,50,,100,180,120,60,120,250,FRONT,,150,0.4,0.8,,,15,30,40,20,1,20,9,22000,8,10,300,0.25,6,6,,,,,,,,"base_bp, merc, ind",,,,0.4,2,2,,207
Vigilance,vigilance,Frigate,Midline,fastmissileracks,4,1500,200,1900,"flu, mob, shi, op",130,40,,110,120,100,45,90,100,OMNI,,90,0.4,0.8,,,10,25,40,25,1,25,10,10000,8,10,240,0.25,5,5,,,,,,,,"base_bp, merc, ind",,,,0.5,2,2,,208
Dram,dram,Tanker,Low Tech,flarelauncher,2,750,200,1500,"op, shi",100,22,,120,70,50,30,60,200,OMNI,,90,0.5,1,,,5,10,15,300,1,300,9,4000,8,20,180,0.25,2,2,,,150,300,,,"CIVILIAN, TANKER","base_bp, merc, ind",,,,0.7,2,4,,209
Afflictor,afflictor,Phase Frigate,High Tech,acausaldisruptor,7,1500,400,3000,"cr, dp",400,55,,135,120,100,60,120,200,PHASE,phasecloak,90,,,0.03,0.04,5,10,25,50,1,50,10,42000,10,20,180,0.25,8,8,,,,,,,,"rare_bp, hist2t, merc, ind",,,,0.5,2,2,,210
Shade,shade,Phase Frigate,High Tech,emp,7,1750,400,2500,cr,300,50,,135,120,100,60,120,200,PHASE,phasecloak,90,,,0.05,0.05,10,15,25,50,1,50,10,40000,10,20,180,0.25,8,8,,,,,,,,"rare_bp, hist2t, merc, ind",,,,0.5,2,2,,211
Ox,ox,Tug,Low Tech,flarelauncher,4,500,150,500,dp,50,5,,100,200,150,45,90,150,NONE,,0,0,0,,,2,4,0,10,10,2,8,8000,10,40,240,0.25,2,2,,,,,,,CIVILIAN,"base_bp, merc, ind",,,,0.25,2,2,,212
Cerberus,cerberus,Combat Freighter,Low Tech,burndrive,4,3000,500,1250,dur,150,50,,110,100,75,60,120,300,NONE,,0,0,0,,,20,50,100,40,1,40,10,9000,8,10,240,0.25,4,4,25,100,,,,,,"base_bp, ind",,,,0.3,2,2,,213
Monitor,monitor,Frigate,Midline,fortressshield,5,1500,175,4000,,120,30,,90,120,100,60,120,200,OMNI,,300,0.5,0.8,,,15,30,30,20,1,20,10,25000,8,10,360,0.25,6,6,,,,,,,,"rare_bp, hist1t, merc, ind",,,,0.5,2,2,,214
Shepherd,shepherd,Drone Tender,Low Tech,maneuveringjets,3,1200,200,1500,shi,100,23,1,90,120,70,90,180,200,OMNI,,90,0.5,1,,,15,30,100,40,1,40,9,10000,8,20,240,0.25,3,3,33,,,,,,CARRIER,"base_bp, ind",,,,0.5,2,2,,216
Kite,kite,Shuttle,Midline,maneuveringjets,2,900,150,1400,"dp, mob",80,25,,140,150,75,45,85,120,OMNI,,150,0.5,0.8,,,2,30,30,15,1,15,10,4000,5,20,180,0.25,2,2,,,,,,,,"base_bp, ind",,,,0.75,2,2,,217
Mudskipper,mudskipper,Civilian Transport,Low Tech,maneuveringjets,2,2000,300,750,dur,75,18,,90,80,50,45,60,200,NONE,,0,0,0,,,5,100,70,40,1,40,9,3000,5,20,180,0.25,2,2,35,70,,,50,100,"CIVILIAN, LINER","base_bp, ind",,,,0.5,2,2,,218
Centurion,centurion,Heavy Frigate,Midline,fortressshield,5,2250,500,2200,"dp, fat",175,55,,120,110,90,40,80,300,OMNI,,180,0.4,0.8,,,30,50,50,25,1,25,10,20000,8,10,240,0.25,6,6,,,,,,,,"rare_bp, hist1t, merc, ind",,,,0.4,2,2,,219
Scarab,scarab,Heavy Frigate,High Tech,temporalshell,5,2000,250,2000,"op, flu, shi, fat",150,60,,130,120,100,60,120,300,OMNI,,180,0.4,0.6,,,35,45,40,20,1,20,10,30000,7,20,180,0.25,6,6,,,,,,,,"rare_bp, hist2t, merc, ind",,,,0.5,2,2,,220
Wayfarer,wayfarer,Combat Freighter,Midline,flarelauncher_active,4,2750,300,1600,"sys, dur",120,55,,120,105,70,45,90,300,FRONT,,180,0.4,0.8,,,25,50,150,40,1,40,10,14000,8,10,240,0.25,5,5,30,,,,,,,"base_bp, ind",,,,0.5,2,2,,221
Warden,warden,Drone,Explorarium,ammofeed,3,1500,300,750,"shi, op",100,35,,120,100,90,90,120,150,OMNI,,120,0.2,1,,,0,0,20,20,1,20,9,5000,5,5,480,0.25,3,3,,,,,,,UNBOARDABLE,"derelict, auto_rec, codex_unlockable",,,,0.5,2,2,,222
Defender,defender,Drone,Explorarium,flarelauncher,3,1800,350,750,"shi, op, sys",100,35,1,100,90,90,90,110,160,OMNI,,120,0.2,1,,,0,0,20,20,1,20,9,5000,5,5,480,0.25,3,3,,,,,,,UNBOARDABLE,"derelict, auto_rec, codex_unlockable",,,,0.5,2,2,,223
Picket,picket,Drone,Explorarium,maneuveringjets,3,1400,250,750,"shi, op, mob",100,20,,200,175,150,100,120,120,OMNI,,120,0.2,1,,,0,0,20,20,1,20,9,5000,5,5,480,0.25,3,3,,,,,,,UNBOARDABLE,"derelict, auto_rec, codex_unlockable",,,,0.5,2,2,,224
Sentry,sentry,Drone,Explorarium,fastmissileracks,3,1200,200,750,"shi, op",100,20,,110,90,90,60,100,120,OMNI,,120,0.2,1,,,0,0,20,20,1,20,9,5000,5,5,480,0.25,3,3,,,,,,,UNBOARDABLE,"derelict, auto_rec, codex_unlockable",,,,0.5,2,2,,225
Lumen,lumen,Droneship,Remnant,displacer,4,1000,150,2000,"cost, dp",150,35,,170,250,200,90,270,150,OMNI,,150,0.4,0.6,,,0,0,40,40,1,40,11,20000,5,10,360,0.25,4,4,,,,,,,UNBOARDABLE,"remnant, auto_rec, codex_unlockable",,,,0.5,2,2,,226
Glimmer,glimmer,Droneship,Remnant,highenergyfocus,5,1500,200,2500,"sys, dp",200,50,,160,250,200,90,270,200,OMNI,,150,0.4,0.6,,,0,0,50,40,1,40,11,30000,5,10,360,0.25,5,5,,,,,,,UNBOARDABLE,"remnant, auto_rec, codex_unlockable",,,,0.5,2,2,,227
Gremlin,gremlin,Phase Frigate,Low Tech,canister_flak,5,2500,450,1200,sys,160,35,,90,120,90,45,90,200,PHASE,phasecloak,90,,,0.06,0.06,4,10,10,20,1,20,9,26000,8,10,180,0.25,6,6,,,,,,,,base_bp,,,,0.5,2,2,,228
,,,,,,,,,,,,,,,,,,,,,,,,,,,,,,,,,,,,,,,,,,,,,,,,,,,,,,,
Hammerhead,hammerhead,Destroyer,Midline,ammofeed,9,5000,500,4200,,250,95,,90,60,40,30,60,400,FRONT,,300,0.4,0.8,,,50,100,100,60,2,30,9,40000,5,12,360,0.25,10,10,,,,,,,,"base_bp, merc, ind",,,,0.5,2,3,,300
Sunder,sunder,Destroyer,Midline,highenergyfocus,10,4000,250,6500,"flu, shi",400,105,,90,80,60,30,30,350,FRONT,,300,0.4,0.8,,,50,70,80,50,2,25,9,45000,5,15,300,0.25,11,11,,,,,,,,"base_bp, merc, ind",,,,0.5,2,3,,301
Condor,condor,Light Carrier,Low Tech,fastmissileracks,7,5000,500,2200,"mob, dp, shi",110,45,2,40,30,20,20,10,400,OMNI,,120,0.4,1,,,90,150,40,30,2,15,9,32000,5,10,360,0.25,8,8,,,,,,,CARRIER,"base_bp, ind",,,,0.5,2,3,,302
Enforcer,enforcer,Destroyer,Low Tech,burndrive,8,5000,750,4000,,200,110,,60,40,20,30,20,500,OMNI,,150,0.4,1,,,60,100,90,90,3,30,9,38000,5,12,420,0.25,9,9,,,,,,,,"base_bp, merc, ind",,,,0.4,2,3,,303
Snowball,snowball,Destroyer,Tri-Tachyon,temporalshell,8,5000,750,4000,,200,110,,60,40,20,30,20,500,OMNI,,150,0.4,1,,,30,50,90,90,3,30,9,57000,5,12,420,0.25,9,9,,,,,,,,"no_dealer, hide_in_codex",,,,0.4,2,3,,303
Manticore,manticore,Destroyer,Low Tech,canister_flak,11,4000,600,5000,"dur, flu",300,90,,80,70,50,30,50,400,OMNI,,150,0.4,1,,,50,80,80,50,2,25,9,45000,5,12,420,0.25,12,12,,,,,,,,"base_bp, merc, ind",,,,0.4,2,3,,303.5
Buffalo,buffalo,Freighter,High Tech,flarelauncher_active,4,3000,125,1500,"log, shi",70,28,,50,25,20,15,7,400,OMNI,,120,0.5,0.8,,,10,20,300,80,2,40,9,10000,5,20,240,0.25,4,4,133,200,,,,,"CIVILIAN, FREIGHTER","base_bp, merc, ind",,,,0.6,2,3,,304
Gemini,gemini,Combat Freighter,Midline,reservewing,6,3500,250,2700,"log, op, tag, mob",170,55,1,50,35,15,25,20,400,OMNI,,150,0.4,0.8,,,55,120,250,70,2,35,9,36000,4,8,360,0.25,7,7,28,125,,,,,CARRIER,"base_bp, ind",,,,0.6,2,3,,305
Tarsus,tarsus,Freighter,Low Tech,burndrive,4,4250,400,1800,log,125,40,,45,35,25,25,15,400,OMNI,,120,0.66,1,,,30,80,300,80,2,27,9,9000,5,20,420,0.25,4,4,117,117,,,,,"CIVILIAN, FREIGHTER","base_bp, merc, ind",,,,0.5,2,3,,306
Valkyrie,valkyrie,Troop Transport,Midline,flarelauncher_active,5,3500,400,2250,"dp, log",110,55,,80,60,60,30,45,400,OMNI,,90,0.4,0.8,0.07,,10,300,50,80,2,40,9,20000,5,15,360,0.25,6,6,,,,,50,125,"CIVILIAN, TRANSPORT","rare_bp, hist1t, merc, ind",,,,0.5,2,3,,307
Phantom,phantom,Phase Transport,High Tech,flarelauncher_active,5,3000,500,3000,dp,300,30,,90,90,70,45,60,350,PHASE,phasecloak,90,,,0.06,0.07,5,200,50,100,2,50,9,25000,5,20,300,0.25,6,6,,,,,20,100,"CIVILIAN, TRANSPORT","rare_bp, hist2t merc, req_military",,,,0.5,2,3,,307.5
Buffalo Mk.II,buffalo2,Destroyer,Low Tech,flarelauncher,5,5000,500,2250,"tag, dur, sys",100,65,,80,60,40,25,30,300,NONE,,0,0,0,,,20,40,20,30,2,15,9,18000,5,10,120,0.25,6,6,,,,,,,,"base_bp, ind",,,,0.6,2,3,,308
Medusa,medusa,Destroyer,High Tech,displacer,11,3000,300,6000,,400,95,,100,90,60,40,100,300,OMNI,,120,0.3,0.6,,,35,50,50,40,2,20,9,60000,5,20,300,0.25,12,12,,,,,,,,"rare_bp, hist2t, merc, ind",,,,0.7,2,3,,309
Mule,mule,Combat Freighter,Low Tech,maneuveringjets,6,5500,650,3000,"mob, op",150,65,,40,30,20,20,15,500,OMNI,,120,0.4,1,,,40,100,250,80,2,40,9,34000,5,10,420,0.25,7,7,36,125,,,,,,"base_bp, ind",,,,0.5,2,3,,310
Phaeton,phaeton,Tanker,Low Tech,flarelauncher,4,2000,350,2000,"log, dp",150,45,,50,30,20,25,15,400,OMNI,,90,0.5,1,,,10,20,20,600,2,400,9,11000,5,20,300,0.25,4,4,,,200,400,,,"CIVILIAN, TANKER","base_bp, merc, ind",,,,0.75,3,4,,311
,crig,Salvage Rig,Midline,flarelauncher_active,4,2000,200,1000,"op, shi",100,12,,50,30,20,25,15,300,OMNI,,90,0.4,1,,,20,2,0,0,2,0,9,10000,5,20,360,0.25,4,4,,,,,,,CIVILIAN,"base_bp, ind",,,,0.75,2,3,,312
Nebula,nebula,Civilian Transport,Midline,flarelauncher,4,3000,175,1500,"op, shi",85,30,,55,35,20,20,12,450,OMNI,,150,0.5,0.8,,,15,400,120,80,2,40,9,10000,4,20,240,0.25,4,4,,,,,100,200,"CIVILIAN, LINER","base_bp, merc, ind",,,,,2,3,,313
Harbinger,harbinger,Phase Destroyer,High Tech,entropyamplifier,16,4000,650,5000,"cr, mob, dp",500,95,,100,75,50,30,30,400,PHASE,phasecloak,90,,,0.05,0.04,25,50,60,100,2,50,9,80000,5,20,300,0.25,18,18,,,,,,,,"rare_bp, hist2t, merc, ind",,,,0.5,2,3,,314
Bastillon,bastillon,Drone,Explorarium,flarelauncher,5,4500,550,3500,"shi, op, sys",250,70,2,60,40,20,20,20,400,OMNI,,150,0.2,1,,,0,0,80,40,2,20,8,20000,5,10,540,0.25,6,6,,,,,,,UNBOARDABLE,"derelict, auto_rec, codex_unlockable",,,,0.5,2,3,,315
Berserker,berserker,Drone,Explorarium,burndrive,5,4500,575,3400,"shi, op",225,70,,65,45,15,18,18,450,OMNI,,150,0.2,1,,,0,0,80,40,2,20,8,20000,5,10,540,0.25,6,6,,,,,,,UNBOARDABLE,"derelict, auto_rec, codex_unlockable",,,,0.5,2,3,,316
Fulgent,fulgent,Droneship,Remnant,plasmajets,10,5000,450,5000,"sys, flu, hull",300,100,,85,75,50,30,50,500,OMNI,,150,0.4,0.6,,,0,0,80,60,2,30,10,50000,5,15,420,0.25,11,11,,,,,,,UNBOARDABLE,"remnant, auto_rec, codex_unlockable",,,,0.5,2,3,,317
Scintilla,scintilla,Droneship Carrier,Remnant,recalldevice,11,5000,350,4000,op,200,75,2,60,60,25,20,15,500,OMNI,,270,0.4,0.6,,,0,0,40,60,2,30,10,50000,5,15,420,0.25,12,12,,,,,,,"UNBOARDABLE, CARRIER","remnant, auto_rec, codex_unlockable",,,,0.5,2,3,,317
Drover,drover,Light Carrier,Midline,targetingfeed,11,4250,400,3000,"dp, cost, sys, op",225,70,2,75,60,50,25,25,450,FRONT,,300,0.4,0.8,,,90,150,80,40,2,20,9,52000,5,15,360,0.25,12,12,,,,,,,"CARRIER, COMBAT","rare_bp, hist1t, merc, ind",,,,0.5,2,3,,318
Shrike,shrike,Light Destroyer,High Tech,microburn,8,2800,250,5400,"cost, log",350,80,,100,100,80,35,80,250,OMNI,,150,0.3,0.7,,,20,40,40,60,2,30,10,40000,5,15,300,0.25,9,9,,,,,,,,"base_bp, merc, ind",,,,0.7,2,3,,319
,,,,,,,,,,,,,,,,,,,,,,,,,,,,,,,,,,,,,,,,,,,,,,,,,,,,,,,
Falcon,falcon,Light Cruiser,Midline,maneuveringjets,13,6000,750,7000,"dp, mob",400,125,,75,50,30,20,25,650,FRONT,,270,0.4,0.8,,,100,180,120,100,3,33,9,80000,4,12,480,0.25,15,15,,,,,,,,"midline_bp, merc, ind",,,,0.5,2,3,,400
Eagle,eagle,Cruiser,Midline,maneuveringjets,20,8000,1000,11000,"flu, mob",600,155,,50,30,20,15,20,1200,FRONT,,270,0.4,0.8,,,150,250,150,100,3,33,8,120000,3,12,480,0.25,22,22,,,,,,,,"midline_bp, merc, ind",,,,0.5,2,3,,401
Champion,champion,Heavy Cruiser,Midline,highenergyfocus,22,10000,1250,10000,mob,550,165,,60,40,30,15,20,1500,FRONT,,210,0.4,0.8,,,200,300,150,150,4,38,8,125000,4,12,480,0.25,25,25,,,,,,,,"rare_bp, hist2t, merc, ind",,,,0.5,2,4,,401.5
Venture,venture,Cruiser,Low Tech,fastmissileracks,12,10000,1250,7000,,300,115,2,40,15,10,12,6,1500,OMNI,,120,0.4,1,,,80,300,600,180,3,60,8,70000,5,10,540,0.25,15,15,,,,,,,,"base_bp, ind",,,,0.4,2,3,,402
Apogee,apogee,Cruiser,High Tech,flarelauncher_active,22,9000,750,12000,"shi, log, op",700,140,,60,50,40,20,25,2000,FRONT,,360,0.6,0.6,,,150,450,200,150,3,50,8,140000,3,15,420,0.25,25,25,,,,,,,,"hightech_bp, merc, ind",,,,0.6,2,3,,403
Dominator,dominator,Heavy Cruiser,Low Tech,burndrive,22,14000,1500,10000,,500,200,,30,20,10,12,12,2250,FRONT,,150,0.4,1,,,200,300,150,150,5,30,8,125000,4,12,540,0.25,25,25,,,,,,,,"lowtech_bp, merc, ind",,,,0.4,2,3,,404
Aurora,aurora,Cruiser,High Tech,plasmajets,27,8000,800,11000,"mob, shi",800,165,,75,50,25,25,25,1800,OMNI,,180,0.5,0.6,,,75,200,150,90,3,30,8,200000,4,20,420,0.25,30,30,,,,,,,,"rare_bp, hist3t, merc, ind",,,,0.6,2,3,,405
Eradicator,eradicator,Fast Cruiser,Low Tech,ammofeed,20,9000,1200,9000,"log, dp",400,150,,70,50,40,15,20,1800,OMNI,,150,0.4,1,,,120,170,100,120,4,30,9,120000,4,12,540,0.25,22,22,,,,,,,,"rare_bp, hist2t, merc, ind",,,,0.5,2,4,,404.5
Doom,doom,Phase Cruiser,High Tech,mine_strike,31,8000,1250,10000,"cr, dur",900,145,,75,55,40,20,25,1200,PHASE,phasecloak,,,,0.05,0.05,50,100,120,150,3,50,8,250000,4,20,420,0.25,35,35,,,,,,,,"rare_bp, hist3t, merc, kanta_gift",,,,0.5,2,3,,406
Grendel,grendel,Phase Cruiser,Low Tech,burndrive,16,11000,1200,6000,"name, sys, op",600,150,,60,60,60,10,20,1000,PHASE,phasecloak,,,,0.05,0.08,120,120,100,75,3,25,8,100000,5,15,480,0.25,18,18,,,,,,,,"rare_bp, hist3t",,,,0.7,3,4,,406.5
Heron,heron,Fast Carrier,Midline,reservewing,18,6000,750,5000,"tag, mob",300,100,3,80,80,60,20,25,800,OMNI,,180,0.5,0.8,,,150,250,90,60,3,20,8,100000,3,12,360,0.25,20,20,,,,,,,"CARRIER, COMBAT","rare_bp, hist2t, merc, ind",,,,0.5,2,3,,407
Gryphon,gryphon,Missile Cruiser,Midline,forgevats,18,7000,800,5000,,200,145,,60,60,40,15,20,1200,FRONT,,270,0.5,0.8,,,150,250,120,80,3,27,8,110000,3,12,480,0.25,20,20,,,,,,,,"midline_bp, merc, ind",,,,0.5,2,3,,408
Starliner,starliner,Civilian Transport,Midline,flarelauncher,8,5500,225,2500,"log, op, dp, shi",125,40,,45,20,10,10,10,900,OMNI,,150,0.5,0.8,,,50,1500,300,120,3,40,8,50000,3,20,480,0.25,10,10,,,,,150,500,"CIVILIAN, LINER","base_bp, merc, ind",,,,0.6,2,3,,409
Mora,mora,Carrier,Low Tech,damper,18,10000,1250,4000,tag,200,125,3,45,20,10,10,10,2000,OMNI,,150,0.4,1,,,200,300,100,60,4,15,8,125000,4,12,420,0.25,20,20,,,,,,,CARRIER,"lowtech_bp, merc, ind",,,,0.4,2,3,,410
Colossus,colossus,Heavy Freighter,Low Tech,flarelauncher,5,6000,300,2750,"log, op",100,40,,40,20,10,10,10,1500,OMNI,,150,0.5,1,,,40,200,900,120,3,30,8,20000,3,20,480,0.25,6,6,150,225,,,,,"CIVILIAN, FREIGHTER","base_bp, merc, ind",,,,0.6,2,3,,411
Colossus Mk.II,colossus2,Modified Freighter,Luddic Path,burndrive,7,6000,600,3250,log,180,55,,50,25,10,12,12,1400,OMNI,,150,0.25,1,,,60,120,300,60,3,15,8,40000,3,20,480,0.25,8,8,,,,,,,ALWAYS_PANIC,LP_bp,,,,0.6,2,3,,411.1
Colossus Mk.III,colossus3,Modified Freighter,Pirate,flarelauncher,7,6000,600,3250,"log, dp",180,55,,50,25,10,12,12,1400,OMNI,,150,0.25,1,,,80,160,300,60,3,15,8,40000,3,20,480,0.25,8,8,,,,,,,CARRIER,pirate_bp,,,,0.6,2,3,,s
Revenant,revenant,Phase Tender,High Tech,flarelauncher_active,10,6000,900,6000,,400,45,,60,40,20,12,12,1400,PHASE,phasecloak,90,,,0.07,0.07,30,80,600,900,3,300,8,60000,3,20,420,0.25,12,12,40,200,60,300,,,"CIVILIAN, TANKER, FREIGHTER","rare_bp, hist3t, merc, req_military",,,,0.5,2,3,,411.3
Rampart,rampart,Drone,Explorarium,burndrive,22,11000,1500,10000,"dp, shi, op",450,140,,35,20,10,12,10,2100,OMNI,,210,0.2,1,,,0,0,100,60,4,15,8,130000,5,12,600,0.25,25,25,,,,,,,UNBOARDABLE,"derelict, auto_rec, codex_unlockable",,,,0.5,2,3,,412
Brilliant,brilliant,Droneship Cruiser,Remnant,flarelauncher_active,22,8000,900,10000,sys,600,140,1,60,35,30,20,25,2000,OMNI,,270,0.4,0.6,,,0,0,120,90,3,30,9,140000,5,15,540,0.25,25,25,,,,,,,UNBOARDABLE,"remnant, auto_rec, codex_unlockable",,,,0.5,2,3,,413
Apex,apex,Heavy Droneship,Remnant,drone_strike,27,12000,1100,12000,,550,150,2,50,35,30,12,20,3000,FRONT,,180,0.4,0.6,,,0,0,120,90,3,30,9,170000,5,15,540,0.25,30,30,,,,,,,UNBOARDABLE,"remnant, auto_rec, codex_unlockable",,,,0.5,2,3,,414
Fury,fury,Light Cruiser,High Tech,microburn,18,5000,600,9000,,600,120,,90,100,80,30,60,1650,OMNI,,180,0.3,0.7,,,60,120,60,80,3,27,9,115000,4,12,420,0.25,20,20,,,,,,,,"rare_bp, hist2t, merc, ind",,,,0.7,2,3,,415
Anubis,anubis,Experimental Cruiser,High Tech,temporalshell,16,7000,700,12000,3000,700,130,1,80,100,90,30,60,1500,OMNI,,210,0.3,0.6,,,50,100,100,80,3,27,8,100000,4,12,420,0.25,18,18,,,,,,,,"rare_bp, hist3t",,,,0.6,2,3,,415.1
,,,,,,,,,,,,,,,,,,,,,,,,,,,,,,,,,,,,,,,,,,,,,,,,,,,,,,,
Onslaught,onslaught,Battleship,Low Tech,burndrive,36,20000,1750,17000,log,600,320,,25,10,10,4,4,3500,FRONT,,180,0.4,1,,,500,1250,300,400,15,27,7,350000,3,12,720,0.25,40,40,,,,,,,,"rare_bp, hist2t, merc, ind",,,,0.4,2,4,,500
Astral,astral,Carrier,High Tech,recalldevice,40,10000,500,12000,"shi, dp, dur",600,250,6,30,15,10,7,4,3000,FRONT,,360,0.7,0.6,,,450,1000,250,200,10,20,7,400000,3,15,600,0.25,45,45,,,,,,,CARRIER,"rare_bp, hist2t, merc, ind",,,,0.6,2,4,,501
Atlas,atlas,Superfreighter,Low Tech,flarelauncher,8,8000,250,4000,"log, dp, cost",200,65,,25,5,2,3,2,4000,OMNI,,45,0.5,1,,,50,100,2000,400,10,67,7,50000,2,20,720,0.25,10,10,200,333,,,,,"CIVILIAN, FREIGHTER","base_bp, merc, ind",,,,0.7,2,4,,502
Atlas Mk.II,atlas2,Modified Superfreighter,Pirate,ammofeed,22,9000,750,8000,"log, cost",350,220,,30,8,4,4,2,4000,OMNI,,60,0.5,1,,,250,300,200,400,10,40,7,150000,2,20,720,0.25,24,24,,,,,,,,pirate_bp,,,,0.7,2,4,,502.5
Conquest,conquest,Battlecruiser,Midline,maneuveringjets,36,12000,1200,20000,"op, shi",1200,305,,45,20,15,6,4,2500,OMNI,,90,0.4,1.2,,,400,500,300,300,10,30,8,300000,3,15,600,0.25,40,40,,,,,,,,"rare_bp, hist2t, merc, ind",,,,0.5,2,4,,503
Paragon,paragon,Battleship,High Tech,fortressshield,45,18000,1500,25000,"dp, log",1250,350,,30,15,10,5,5,3500,OMNI,,360,0.6,0.6,,,450,1000,300,300,10,30,7,500000,4,20,720,0.25,50,50,,,,,,,,"rare_bp, hist2t, merc, ind",,,,0.6,2,4,,504
Odyssey,odyssey,Battlecruiser,High Tech,microburn,40,10000,1000,15000,"mob, op, log, shi",1000,280,2,70,50,40,8,12,2500,OMNI,,180,0.25,0.8,,,400,800,400,450,8,56,8,330000,4,20,600,0.25,45,45,,,,,,,,"hightech_bp, merc, ind",,,,0.6,2,4,,505
Prometheus,prometheus,Tanker,Low Tech,flarelauncher,13,11000,1100,7000,"log, dp, shi",300,75,,50,15,10,4,4,4000,OMNI,,180,0.5,1,,,50,100,200,2500,10,500,7,60000,2,20,720,0.25,15,15,,,300,500,,,"CIVILIAN, TANKER","base_bp, merc, ind",,,,0.75,3,5,,506
Prometheus Mk.II,prometheus2,Modified Tanker,Luddic Path,burndrive,29,12000,1200,10500,"log, flu, shi",450,220,2,50,16,10,4,4,4000,OMNI,,180,0.5,1,,,250,300,200,800,10,80,7,200000,2,20,720,0.25,32,32,,,,,,,,LP_bp,,,,0.75,3,5,,506.5
Legion,legion,Battlecarrier,Low Tech,burndrive,36,18000,1650,12000,op,500,260,4,30,15,15,6,6,3500,FRONT,,180,0.4,1,,,700,1500,300,300,15,20,7,375000,3,12,720,0.25,40,40,,,,,,,"CARRIER, COMBAT, NO_AUTO_ESCORT","rare_bp, hist2t, merc, ind",,,,0.4,2,4,,507
Guardian,guardian,Drone Battleship,Explorarium,plasmajets,60,20000,1700,25000,"dp, PTS (10%)",1000,450,,40,30,20,7,10,3500,FRONT,,200,0.4,1.2,,,0,0,300,400,15,27,7,500000,3,12,720,0.25,60,60,,,,,,,UNBOARDABLE,"derelict, no_autofit, no_sim, codex_unlockable",,,,0.4,2,4,,508
Radiant,radiant,Drone Battleship,Remnant,displacer,54,20000,1500,25000,"sys, dp",1500,320,,40,30,20,7,10,3500,OMNI,,270,0.4,0.6,,,0,0,250,400,10,40,8,500000,3,15,720,0.25,60,60,,,,,,,UNBOARDABLE,"remnant, auto_rec, codex_unlockable",,,,0.4,2,4,,509
Ziggurat,ziggurat,Phase Vessel,High Tech,mote_control,75,14000,1500,16000,"dur, PTS (10%)",1200,260,,40,50,50,20,30,2400,PHASE,phasecloak,,,,0.02,0.02,300,400,200,500,10,50,7,1000000,3,25,600,0.25,75,75,,,,,,,,"limited_tooltip_if_locked, codex_unlockable, no_dealer",,,,0.4,2,3,,510
Invictus,invictus,Dreadnought,Low Tech,lidararray,60,40000,10000,40000,"cost, dp, PTS (10%), dur, flu, log, fat",600,240,,35,15,15,4,4,5000,PHASE,canister_flak,0,0,0,,,4000,6000,1000,800,20,40,6,350000,3,12,1000,0.25,60,60,,,,,,,NEVER_DODGE_MISSILES,"rare_bp, hist3t",,,,0.2,2,2,,511
Pegasus,pegasus,Battleship,Midline,fastmissileracks,45,17000,1500,14000,"mob, dp",500,365,,50,35,25,6,6,3000,FRONT,,270,0.4,0.8,,,500,600,400,300,10,30,7,400000,4,12,720,0.25,50,50,,,,,,,,"rare_bp, hist3t",,,,0.5,2,4,,512
Retribution,retribution,Battlecruiser,Low Tech,orion_device,36,15000,1200,15000,"dur, dp, shi",700,300,,75,50,40,10,10,2500,OMNI,,60,0.2,1,,,300,400,200,300,10,30,8,400000,3,12,600,0.25,40,40,,,,,,,,"rare_bp, hist3t",,,,0.5,2,4,,513
Nova,nova,Drone Battlecruiser,Remnant,nova_burst,36,18000,1500,18000,"dur, dp",1000,280,,80,70,50,12,16,3000,FRONT,,90,0.4,0.6,,,0,0,150,300,10,30,9,350000,3,15,600,0.25,40,40,,,,,,,UNBOARDABLE,"remnant, auto_rec, codex_unlockable",,,,0.5,2,4,,514
,,,,,,,,,,,,,,,,,,,,,,,,,,,,,,,,,,,,,,,,,,,,,,,,,,,,,,,
Moduleship Test,station_small,Small Orbital Station,Midline,drone_pd,30,10000,1500,1000,2500,100,0,,30,200,200,10,10,5000,NONE,,0,0,0,,,0,0,0,0,1,0,0,500000,10,10,,,50,50,,,,,,,"SHIP_WITH_MODULES, HIDE_IN_CODEX",,,,,0,,,,2000
,,,,,,,,,,,,,,,,,,,,,,,,,,,,,,,,,,,,,,,,,,,,,,,,,,,,,,,
,remnant_shield2,Remnant Station Citadel,Remnant,,1,5000,500,15000,shi,1000,1000,,0,0,0,10,10,600,FRONT,,90,0.4,0.8,,,0,0,0,0,1,0,,500000,,1,,,0,0,,,,,,,"UNBOARDABLE, HIDE_IN_CODEX, MODULE",,,,,0.5,2,2,,2231