id,variant,tags,tier,rarity,fleet pts,op cost,formation,range,attackRunRange,attackPositionOffset,num,role,role desc,refit,base value,,,,,,,,,,,,,number
xyphos_wing,xyphos_Fighter,"stay_in_front_of_ship, support3, fighter, high, rare_bp, hist1t, merc, ind",2,0.5,7,15,V,0,500,,2,SUPPORT,Support,15,10000,,,,,,,,,,,,,2
sarissa_wing,sarissa_Fighter,"stay_in_front_of_ship, support3, fighter, low, lowtech_bp, merc, ind",1,,7,12,CLAW,0,500,,3,SUPPORT,Support,10,8000,,,,,,,,,,,,,
mining_drone_wing,mining_drone_Standard,"stay_in_front_of_ship, no_drop, no_drop_salvage, restricted, no_sell, low",0,,5,1000,BOX,0,500,,4,SUPPORT,Drone,10,1500,,,,,,,,,,,,,17
terminator_wing,drone_terminator,"stay_in_front_of_ship. no_drop, no_drop_salvage, restricted, no_sell, high",2,,6,1000,BOX,0,200,,1,SUPPORT,Point Defense,20,6000,,,,,,,,,,,,,19
,,,,,,,,,,,,,,,,,,,,,,,,,,,,
borer_wing,drone_borer,"no_drop, no_sell, no_drop_salvage, restricted, low",0,,4,1000,BOX,3000,500,,6,INTERCEPTOR,Drone,5,1500,,,,,,,,,,,,,18
drone_pd_midline,drone_pd_midline,"no_drop, no_sell, no_drop_salvage, restricted, mid, codex_unlockable",0,,4,1000,BOX,3000,500,,6,INTERCEPTOR,Drone,5,1500,,,,,,,,,,,,,18
,,,,,,,,,,,,,,,,,,,,,,,,,,,,
hoplon_wing,hoplon_Escort,"bomber3, bomber, low, rare_bp, hist1t, merc, ind",0,,3,10,V,4000,2000,750,2,BOMBER,Bomber,15,7000,,,,,,,,,,,,,10
piranha_wing,piranha_Bomber,"bomber3, bomber, low, lowtech_bp, merc, ind",0,,5,10,CLAW,4000,2500,300,3,BOMBER,Bomber,15,6000,,,,,,,,,,,,,12
perdition_wing,perdition_Bomber,"bomber3, bomber, low, LP_bp, LC_bp",0,,3,10,V,4000,2000,600,3,BOMBER,Bomber,12,4000,,,,,,,,,,,,,10
,,,,,,,,,,,,,,,,,,,,,,,,,,,,
dagger_wing,dagger_Bomber,"bomber3, bomber, high, rare_bp, hist1t, merc, ind",1,,5,20,V,4000,2000,600,3,BOMBER,Bomber,15,9000,,,,,,,,,,,,,11
trident_wing,trident_Bomber,"bomber3, bomber, high, rare_bp, hist1t, merc, ind",2,0.25,8,28,V,4000,2000,600,2,BOMBER,Bomber,25,14000,,,,,,,,,,,,,13
cobra_wing,cobra_Bomber,"bomber3, bomber, high, rare_bp, hist1t, merc, ind",1,,6,15,V,4000,2000,600,2,BOMBER,Bomber,20,10000,,,,,,,,,,,,,10
longbow_wing,longbow_Support,"bomber3, bomber, high, hightech_bp, merc, ind",0,,5,12,V,4000,2000,100,2,BOMBER,Bomber,18,9000,,,,,,,,,,,,,15
,,,,,,,,,,,,,,,,,,,,,,,,,,,,
flash_wing,flash_Bomber,"no_sell, bomber, remnant, bomber5, auto_fighter, merc, codex_unlockable",2,,5,12,V,5000,2500,300,4,BOMBER,Strike Drone,18,16000,,,,,,,,,,,,,21
spark_wing,spark_Interceptor,"no_sell, interceptor, remnant, interceptor5, auto_fighter, merc, codex_unlockable",2,,4,8,CLAW,5000,200,750,5,INTERCEPTOR,Interceptor Drone,10,10000,,,,,,,,,,,,,22
lux_wing,lux_Fighter,"no_sell, fighter, remnant, fighter5, auto_fighter, merc, codex_unlockable",2,,6,10,V,5000,500,,4,FIGHTER,Fighter Drone,15,12000,,,,,,,,,,,,,23
,,,,,,,,,,,,,,,,,,,,,,,,,,,,
broadsword_wing,broadsword_Fighter,"fighter3, fighter, low, lowtech_bp, merc, ind",0,,6,8,V,4000,500,,3,FIGHTER,Heavy Fighter,10,6000,,,,,,,,,,,,,1
warthog_wing,warthog_Fighter,"fighter3, fighter, mid, rare_bp, hist1t, merc, ind",0,,8,12,CLAW,3000,500,-400,3,FIGHTER,Heavy Fighter,15,9000,,,,,,,,,,,,,4
claw_wing,claw_Fighter,"fighter3, interceptor, high, hightech_bp, merc, ind",0,,5,8,CLAW,4000,300,500,5,FIGHTER,Fighter,8,9000,,,,,,,,,,,,,
,,,,,,,,,,,,,,,,,,,,,,,,,,,,
#MODDED,,,,,,,,,,,,,,,,,,,,,,,,,,,,
#sequence_wing,sequence_fighter,"fighter3, fighter, mid, no_drop, no_sell, hide_in_codex",1,,8,12,V,6000,500,100,3,FIGHTER,Heavy Fighter,15,10000,,,,,,,,,,,,,5
,,,,,,,,,,,,,,,,,,,,,,,,,,,,
thunder_wing,thunder_Fighter,"interceptor3, interceptor, mid, midline_bp, merc, ind",1,,6,8,V,8000,500,900,2,INTERCEPTOR,Heavy Interceptor,15,7000,,,,,,,,,,,,,5
gladius_wing,gladius_Fighter,"interceptor3, interceptor, mid, midline_bp, merc, ind",1,,6,6,V,5000,500,300,2,INTERCEPTOR,Heavy Interceptor,10,10000,,,,,,,,,,,,,3
talon_wing,talon_Interceptor,"interceptor3, interceptor, low, base_bp, merc, ind",0,,3,0,V,5000,200,600,4,INTERCEPTOR,Interceptor,5,2000,,,,,,,,,,,,,6
wasp_wing,wasp_Interceptor,"interceptor3, interceptor, high, hightech_bp, merc, ind",0,,5,5,CLAW,5000,200,700,6,INTERCEPTOR,Interceptor,5,6000,,,,,,,,,,,,,7